# Rhino

mtllib Untitled.mtl
usemtl Glass
v 6267.06884765625 -2.9032435122644529E-08 -49.988140106201172
v 6267.06884765625 2000 -49.988140106201172
v 2542.609619140625 -2.9032435122644529E-08 -49.988140106201172
v 2542.609619140625 2000 -49.988140106201172
v 5894.623046875 -2.9032435122644529E-08 -49.988140106201172
v 5522.1767578125 -2.9032435122644529E-08 -49.988140106201172
v 5149.73095703125 -2.9032435122644529E-08 -49.988140106201172
v 4777.28515625 -2.9032435122644529E-08 -49.988140106201172
v 4404.83935546875 -2.9032435122644529E-08 -49.988140106201172
v 4032.393310546875 -2.9032435122644529E-08 -49.988140106201172
v 3659.947509765625 -2.9032435122644529E-08 -49.988140106201172
v 3287.50146484375 -2.9032435122644529E-08 -49.988140106201172
v 2915.0556640625 -2.9032435122644529E-08 -49.988140106201172
v 2542.609619140625 1000 -49.988140106201172
v 4404.83935546875 2000 -49.988140106201172
v 6267.06884765625 1000 -49.988140106201172
v 4404.83935546875 1000 -49.988140106201172
v 4404.83935546875 500 -49.988140106201172
v 5335.9541015625 1000 -49.988140106201172
v 5335.9541015625 500 -49.988140106201172
v 3473.724365234375 1000 -49.988140106201172
v 3473.724365234375 500 -49.988140106201172
v 2542.609619140625 333.33334350585938 -49.988140106201172
v 2542.609619140625 666.66668701171875 -49.988140106201172
v 2542.609619140625 1333.3333740234375 -49.988140106201172
v 2542.609619140625 1666.6666259765625 -49.988140106201172
v 4404.83935546875 1500 -49.988140106201172
v 3473.724365234375 1500 -49.988140106201172
v 2915.0556640625 2000 -49.988140106201172
v 3287.50146484375 2000 -49.988140106201172
v 3659.947509765625 2000 -49.988140106201172
v 4032.393310546875 2000 -49.988140106201172
v 4777.28515625 2000 -49.988140106201172
v 5149.73095703125 2000 -49.988140106201172
v 5522.1767578125 2000 -49.988140106201172
v 5894.623046875 2000 -49.988140106201172
v 5335.9541015625 1500 -49.988140106201172
v 6267.06884765625 1666.6666259765625 -49.988140106201172
v 6267.06884765625 1333.3333740234375 -49.988140106201172
v 6267.06884765625 666.66668701171875 -49.988140106201172
v 6267.06884765625 333.33334350585938 -49.988140106201172
v 2542.609619140625 -2.9032435122644529E-08 -49.988140106201172
v 2542.609619140625 1000 -49.988140106201172
v 2542.609619140625 2000 -49.988140106201172
v 2542.609619140625 -2.9032435122644529E-08 50.011859893798828
v 2542.609619140625 1000 50.011859893798828
v 2542.609619140625 2000 50.011859893798828
v 2542.609619140625 1666.6666259765625 -49.988140106201172
v 2542.609619140625 1333.3333740234375 -49.988140106201172
v 2542.609619140625 666.66668701171875 -49.988140106201172
v 2542.609619140625 333.33334350585938 -49.988140106201172
v 2542.609619140625 333.33334350585938 50.011859893798828
v 2542.609619140625 666.66668701171875 50.011859893798828
v 2542.609619140625 1333.3333740234375 50.011859893798828
v 2542.609619140625 1666.6666259765625 50.011859893798828
v 2542.609619140625 -2.9032435122644529E-08 50.011859893798828
v 2542.609619140625 2000 50.011859893798828
v 6267.06884765625 -2.9032435122644529E-08 50.011859893798828
v 6267.06884765625 2000 50.011859893798828
v 2542.609619140625 1666.6666259765625 50.011859893798828
v 2542.609619140625 1333.3333740234375 50.011859893798828
v 2542.609619140625 1000 50.011859893798828
v 2542.609619140625 666.66668701171875 50.011859893798828
v 2542.609619140625 333.33334350585938 50.011859893798828
v 6267.06884765625 1000 50.011859893798828
v 4404.83935546875 2000 50.011859893798828
v 4404.83935546875 -2.9032435122644529E-08 50.011859893798828
v 4404.83935546875 1000 50.011859893798828
v 4404.83935546875 1500 50.011859893798828
v 3473.724365234375 1000 50.011859893798828
v 3473.724365234375 1500 50.011859893798828
v 4404.83935546875 500 50.011859893798828
v 3473.724365234375 500 50.011859893798828
v 2915.0556640625 -2.9032435122644529E-08 50.011859893798828
v 3287.50146484375 -2.9032435122644529E-08 50.011859893798828
v 3659.947509765625 -2.9032435122644529E-08 50.011859893798828
v 4032.393310546875 -2.9032435122644529E-08 50.011859893798828
v 4777.28515625 -2.9032435122644529E-08 50.011859893798828
v 5149.73095703125 -2.9032435122644529E-08 50.011859893798828
v 5522.1767578125 -2.9032435122644529E-08 50.011859893798828
v 5894.623046875 -2.9032435122644529E-08 50.011859893798828
v 5335.9541015625 1000 50.011859893798828
v 5335.9541015625 500 50.011859893798828
v 6267.06884765625 333.33334350585938 50.011859893798828
v 6267.06884765625 666.66668701171875 50.011859893798828
v 6267.06884765625 1333.3333740234375 50.011859893798828
v 6267.06884765625 1666.6666259765625 50.011859893798828
v 5335.9541015625 1500 50.011859893798828
v 5894.623046875 2000 50.011859893798828
v 5522.1767578125 2000 50.011859893798828
v 5149.73095703125 2000 50.011859893798828
v 4777.28515625 2000 50.011859893798828
v 4032.393310546875 2000 50.011859893798828
v 3659.947509765625 2000 50.011859893798828
v 3287.50146484375 2000 50.011859893798828
v 2915.0556640625 2000 50.011859893798828
v 6267.06884765625 -2.9032435122644529E-08 50.011859893798828
v 6267.06884765625 1000 50.011859893798828
v 6267.06884765625 2000 50.011859893798828
v 6267.06884765625 -2.9032435122644529E-08 -49.988140106201172
v 6267.06884765625 1000 -49.988140106201172
v 6267.06884765625 2000 -49.988140106201172
v 6267.06884765625 333.33334350585938 -49.988140106201172
v 6267.06884765625 666.66668701171875 -49.988140106201172
v 6267.06884765625 1333.3333740234375 -49.988140106201172
v 6267.06884765625 1666.6666259765625 -49.988140106201172
v 6267.06884765625 1666.6666259765625 50.011859893798828
v 6267.06884765625 1333.3333740234375 50.011859893798828
v 6267.06884765625 666.66668701171875 50.011859893798828
v 6267.06884765625 333.33334350585938 50.011859893798828
v 6267.06884765625 -2.9032435122644529E-08 -49.988140106201172
v 6267.06884765625 -2.9032435122644529E-08 50.011859893798828
v 2542.609619140625 -2.9032435122644529E-08 -49.988140106201172
v 2542.609619140625 -2.9032435122644529E-08 50.011859893798828
v 5894.623046875 -2.9032435122644529E-08 -49.988140106201172
v 5522.1767578125 -2.9032435122644529E-08 -49.988140106201172
v 5149.73095703125 -2.9032435122644529E-08 -49.988140106201172
v 4777.28515625 -2.9032435122644529E-08 -49.988140106201172
v 4404.83935546875 -2.9032435122644529E-08 -49.988140106201172
v 4032.393310546875 -2.9032435122644529E-08 -49.988140106201172
v 3659.947509765625 -2.9032435122644529E-08 -49.988140106201172
v 3287.50146484375 -2.9032435122644529E-08 -49.988140106201172
v 2915.0556640625 -2.9032435122644529E-08 -49.988140106201172
v 2915.0556640625 -2.9032435122644529E-08 50.011859893798828
v 3287.50146484375 -2.9032435122644529E-08 50.011859893798828
v 3659.947509765625 -2.9032435122644529E-08 50.011859893798828
v 4032.393310546875 -2.9032435122644529E-08 50.011859893798828
v 4404.83935546875 -2.9032435122644529E-08 50.011859893798828
v 4777.28515625 -2.9032435122644529E-08 50.011859893798828
v 5149.73095703125 -2.9032435122644529E-08 50.011859893798828
v 5522.1767578125 -2.9032435122644529E-08 50.011859893798828
v 5894.623046875 -2.9032435122644529E-08 50.011859893798828
v 6267.06884765625 2000 -49.988140106201172
v 6267.06884765625 2000 50.011859893798828
v 2542.609619140625 2000 -49.988140106201172
v 2542.609619140625 2000 50.011859893798828
v 5894.623046875 2000 -49.988140106201172
v 5522.1767578125 2000 -49.988140106201172
v 5149.73095703125 2000 -49.988140106201172
v 4777.28515625 2000 -49.988140106201172
v 4404.83935546875 2000 -49.988140106201172
v 4032.393310546875 2000 -49.988140106201172
v 3659.947509765625 2000 -49.988140106201172
v 3287.50146484375 2000 -49.988140106201172
v 2915.0556640625 2000 -49.988140106201172
v 2915.0556640625 2000 50.011859893798828
v 3287.50146484375 2000 50.011859893798828
v 3659.947509765625 2000 50.011859893798828
v 4032.393310546875 2000 50.011859893798828
v 4404.83935546875 2000 50.011859893798828
v 4777.28515625 2000 50.011859893798828
v 5149.73095703125 2000 50.011859893798828
v 5522.1767578125 2000 50.011859893798828
v 5894.623046875 2000 50.011859893798828
vt 0.096982412040233612 0.48491206765174866
vt 0.096982412040233612 0.96835929155349731
vt 0.99853515625 0.48491206765174866
vt 0.99853515625 0.96835929155349731
vt 0.18713769316673279 0.48491206765174866
vt 0.27729296684265137 0.48491206765174866
vt 0.36744824051856995 0.48491206765174866
vt 0.45760351419448853 0.48491206765174866
vt 0.54775875806808472 0.48491206765174866
vt 0.63791406154632568 0.48491206765174866
vt 0.72806930541992188 0.48491206765174866
vt 0.81822460889816284 0.48491206765174866
vt 0.90837985277175903 0.48491206765174866
vt 0.99853515625 0.72663569450378418
vt 0.54775875806808472 0.96835929155349731
vt 0.096982412040233612 0.72663569450378418
vt 0.54775875806808472 0.72663569450378418
vt 0.54775875806808472 0.60577386617660522
vt 0.32237058877944946 0.72663569450378418
vt 0.32237058877944946 0.60577386617660522
vt 0.77314698696136475 0.72663569450378418
vt 0.77314698696136475 0.60577386617660522
vt 0.99853515625 0.5654866099357605
vt 0.99853515625 0.64606118202209473
vt 0.99853515625 0.80721026659011841
vt 0.99853515625 0.88778477907180786
vt 0.54775875806808472 0.84749752283096313
vt 0.77314698696136475 0.84749752283096313
vt 0.90837985277175903 0.96835929155349731
vt 0.81822460889816284 0.96835929155349731
vt 0.72806930541992188 0.96835929155349731
vt 0.63791406154632568 0.96835929155349731
vt 0.45760351419448853 0.96835929155349731
vt 0.36744824051856995 0.96835929155349731
vt 0.27729296684265137 0.96835929155349731
vt 0.18713769316673279 0.96835929155349731
vt 0.32237058877944946 0.84749752283096313
vt 0.096982412040233612 0.88778477907180786
vt 0.096982412040233612 0.80721026659011841
vt 0.096982412040233612 0.64606118202209473
vt 0.096982412040233612 0.5654866099357605
vt 0.024245603010058403 0
vt 0.024245603010058403 0.24245603382587433
vt 0.024245603010058403 0.48491206765174866
vt 0.047026362270116806 0
vt 0.047026362270116806 0.24245603382587433
vt 0.047026362270116806 0.48491206765174866
vt 0.024245603010058403 0.40409338474273682
vt 0.024245603010058403 0.32327473163604736
vt 0.024245603010058403 0.16163736581802368
vt 0.024245603010058403 0.080818682909011841
vt 0.047026362270116806 0.080818682909011841
vt 0.047026362270116806 0.16163736581802368
vt 0.047026362270116806 0.32327473163604736
vt 0.047026362270116806 0.40409338474273682
vt 0.096982412040233612 0
vt 0.096982412040233612 0.48344722390174866
vt 0.99853515625 0
vt 0.99853515625 0.48344722390174866
vt 0.096982412040233612 0.40287268161773682
vt 0.096982412040233612 0.32229816913604736
vt 0.096982412040233612 0.24172361195087433
vt 0.096982412040233612 0.16114908456802368
vt 0.096982412040233612 0.080574542284011841
vt 0.99853515625 0.24172361195087433
vt 0.54775875806808472 0.48344722390174866
vt 0.54775875806808472 0
vt 0.54775875806808472 0.24172361195087433
vt 0.54775875806808472 0.36258542537689209
vt 0.32237058877944946 0.24172361195087433
vt 0.32237058877944946 0.36258542537689209
vt 0.54775875806808472 0.12086180597543716
vt 0.32237058877944946 0.12086180597543716
vt 0.18713769316673279 0
vt 0.27729296684265137 0
vt 0.36744824051856995 0
vt 0.45760351419448853 0
vt 0.63791406154632568 0
vt 0.72806930541992188 0
vt 0.81822460889816284 0
vt 0.90837985277175903 0
vt 0.77314698696136475 0.24172361195087433
vt 0.77314698696136475 0.12086180597543716
vt 0.99853515625 0.080574542284011841
vt 0.99853515625 0.16114908456802368
vt 0.99853515625 0.32229816913604736
vt 0.99853515625 0.40287268161773682
vt 0.77314698696136475 0.36258542537689209
vt 0.90837985277175903 0.48344722390174866
vt 0.81822460889816284 0.48344722390174866
vt 0.72806930541992188 0.48344722390174866
vt 0.63791406154632568 0.48344722390174866
vt 0.45760351419448853 0.48344722390174866
vt 0.36744824051856995 0.48344722390174866
vt 0.27729296684265137 0.48344722390174866
vt 0.18713769316673279 0.48344722390174866
vt 0 0
vt 0 0.24245603382587433
vt 0 0.48491206765174866
vt 0.022780759260058403 0
vt 0.022780759260058403 0.24245603382587433
vt 0.022780759260058403 0.48491206765174866
vt 0.022780759260058403 0.080818682909011841
vt 0.022780759260058403 0.16163736581802368
vt 0.022780759260058403 0.32327473163604736
vt 0.022780759260058403 0.40409338474273682
vt 0 0.40409338474273682
vt 0 0.32327473163604736
vt 0 0.16163736581802368
vt 0 0.080818682909011841
vt 0.095517568290233612 0
vt 0.072736814618110657 0
vt 0.095517568290233612 0.90301758050918579
vt 0.072736814618110657 0.90301758050918579
vt 0.095517568290233612 0.090301759541034698
vt 0.095517568290233612 0.1806035190820694
vt 0.095517568290233612 0.27090528607368469
vt 0.095517568290233612 0.36120703816413879
vt 0.095517568290233612 0.4515087902545929
vt 0.095517568290233612 0.54181057214736938
vt 0.095517568290233612 0.63211232423782349
vt 0.095517568290233612 0.72241407632827759
vt 0.095517568290233612 0.81271582841873169
vt 0.072736814618110657 0.81271582841873169
vt 0.072736814618110657 0.72241407632827759
vt 0.072736814618110657 0.63211232423782349
vt 0.072736814618110657 0.54181057214736938
vt 0.072736814618110657 0.4515087902545929
vt 0.072736814618110657 0.36120703816413879
vt 0.072736814618110657 0.27090528607368469
vt 0.072736814618110657 0.1806035190820694
vt 0.072736814618110657 0.090301759541034698
vt 0.071271970868110657 0
vt 0.048491206020116806 0
vt 0.071271970868110657 0.90301758050918579
vt 0.048491206020116806 0.90301758050918579
vt 0.071271970868110657 0.090301759541034698
vt 0.071271970868110657 0.1806035190820694
vt 0.071271970868110657 0.27090528607368469
vt 0.071271970868110657 0.36120703816413879
vt 0.071271970868110657 0.4515087902545929
vt 0.071271970868110657 0.54181057214736938
vt 0.071271970868110657 0.63211232423782349
vt 0.071271970868110657 0.72241407632827759
vt 0.071271970868110657 0.81271582841873169
vt 0.048491206020116806 0.81271582841873169
vt 0.048491206020116806 0.72241407632827759
vt 0.048491206020116806 0.63211232423782349
vt 0.048491206020116806 0.54181057214736938
vt 0.048491206020116806 0.4515087902545929
vt 0.048491206020116806 0.36120703816413879
vt 0.048491206020116806 0.27090528607368469
vt 0.048491206020116806 0.1806035190820694
vt 0.048491206020116806 0.090301759541034698
vn 0 0 -1
vn 0 0 -1
vn 0 0 -1
vn 0 0 -1
vn 0 0 -1
vn 0 0 -1
vn 0 0 -1
vn 0 0 -1
vn 0 0 -1
vn 0 0 -1
vn 0 0 -1
vn 0 0 -1
vn 0 0 -1
vn 0 0 -1
vn 0 0 -1
vn 0 0 -1
vn 0 0 -1
vn 0 0 -1
vn 0 0 -1
vn 0 0 -1
vn 0 0 -1
vn 0 0 -1
vn 0 0 -1
vn 0 0 -1
vn 0 0 -1
vn 0 0 -1
vn 0 0 -1
vn 0 0 -1
vn 0 0 -1
vn 0 0 -1
vn 0 0 -1
vn 0 0 -1
vn 0 0 -1
vn 0 0 -1
vn 0 0 -1
vn 0 0 -1
vn 0 0 -1
vn 0 0 -1
vn 0 0 -1
vn 0 0 -1
vn 0 0 -1
vn -1 0 0
vn -1 0 0
vn -1 0 0
vn -1 0 0
vn -1 0 0
vn -1 0 0
vn -1 0 0
vn -1 0 0
vn -1 0 0
vn -1 0 0
vn -1 0 0
vn -1 0 0
vn -1 0 0
vn -1 0 0
vn 0 0 1
vn 0 0 1
vn 0 0 1
vn 0 0 1
vn 0 0 1
vn 0 0 1
vn 0 0 1
vn 0 0 1
vn 0 0 1
vn 0 0 1
vn 0 0 1
vn 0 0 1
vn 0 0 1
vn 0 0 1
vn 0 0 1
vn 0 0 1
vn 0 0 1
vn 0 0 1
vn 0 0 1
vn 0 0 1
vn 0 0 1
vn 0 0 1
vn 0 0 1
vn 0 0 1
vn 0 0 1
vn 0 0 1
vn 0 0 1
vn 0 0 1
vn 0 0 1
vn 0 0 1
vn 0 0 1
vn 0 0 1
vn 0 0 1
vn 0 0 1
vn 0 0 1
vn 0 0 1
vn 0 0 1
vn 0 0 1
vn 0 0 1
vn 0 0 1
vn 0 0 1
vn 1 0 0
vn 1 0 0
vn 1 0 0
vn 1 0 0
vn 1 0 0
vn 1 0 0
vn 1 0 0
vn 1 0 0
vn 1 0 0
vn 1 0 0
vn 1 0 0
vn 1 0 0
vn 1 0 0
vn 1 0 0
vn 0 -1 0
vn 0 -1 0
vn 0 -1 0
vn 0 -1 0
vn 0 -1 0
vn 0 -1 0
vn 0 -1 0
vn 0 -1 0
vn 0 -1 0
vn 0 -1 0
vn 0 -1 0
vn 0 -1 0
vn 0 -1 0
vn 0 -1 0
vn 0 -1 0
vn 0 -1 0
vn 0 -1 0
vn 0 -1 0
vn 0 -1 0
vn 0 -1 0
vn 0 -1 0
vn 0 -1 0
vn 0 1 0
vn 0 1 0
vn 0 1 0
vn 0 1 0
vn 0 1 0
vn 0 1 0
vn 0 1 0
vn 0 1 0
vn 0 1 0
vn 0 1 0
vn 0 1 0
vn 0 1 0
vn 0 1 0
vn 0 1 0
vn 0 1 0
vn 0 1 0
vn 0 1 0
vn 0 1 0
vn 0 1 0
vn 0 1 0
vn 0 1 0
vn 0 1 0
f 28/28/28 27/27/27 17/17/17 21/21/21
f 27/27/27 37/37/37 19/19/19 17/17/17
f 17/17/17 19/19/19 20/20/20 18/18/18
f 21/21/21 17/17/17 18/18/18 22/22/22
f 41/41/41 1/1/1 5/5/5
f 41/41/41 20/20/20 40/40/40
f 16/16/16 40/40/40 20/20/20 19/19/19
f 5/5/5 20/20/20 41/41/41
f 20/20/20 6/6/6 7/7/7
f 18/18/18 20/20/20 7/7/7 8/8/8
f 9/9/9 18/18/18 8/8/8
f 5/5/5 6/6/6 20/20/20
f 38/38/38 37/37/37 36/36/36
f 38/38/38 36/36/36 2/2/2
f 36/36/36 37/37/37 35/35/35
f 37/37/37 38/38/38 39/39/39
f 19/19/19 37/37/37 39/39/39 16/16/16
f 34/34/34 37/37/37 33/33/33
f 27/27/27 33/33/33 37/37/37
f 15/15/15 33/33/33 27/27/27
f 35/35/35 37/37/37 34/34/34
f 22/22/22 18/18/18 10/10/10 11/11/11
f 12/12/12 22/22/22 11/11/11
f 21/21/21 22/22/22 24/24/24 14/14/14
f 22/22/22 13/13/13 23/23/23
f 13/13/13 3/3/3 23/23/23
f 23/23/23 24/24/24 22/22/22
f 13/13/13 22/22/22 12/12/12
f 15/15/15 27/27/27 32/32/32
f 27/27/27 28/28/28 31/31/31 32/32/32
f 28/28/28 30/30/30 31/31/31
f 30/30/30 28/28/28 29/29/29
f 25/25/25 26/26/26 28/28/28
f 4/4/4 29/29/29 26/26/26
f 26/26/26 29/29/29 28/28/28
f 28/28/28 21/21/21 14/14/14 25/25/25
f 18/18/18 9/9/9 10/10/10
f 51/51/51 42/42/42 45/45/45 52/52/52
f 50/50/50 51/51/51 52/52/52 53/53/53
f 49/49/49 43/43/43 46/46/46 54/54/54
f 44/44/44 48/48/48 55/55/55 47/47/47
f 48/48/48 49/49/49 54/54/54 55/55/55
f 43/43/43 50/50/50 53/53/53 46/46/46
f 88/88/88 69/69/69 68/68/68 82/82/82
f 69/69/69 71/71/71 70/70/70 68/68/68
f 68/68/68 70/70/70 73/73/73 72/72/72
f 82/82/82 68/68/68 72/72/72 83/83/83
f 64/64/64 56/56/56 74/74/74
f 73/73/73 63/63/63 64/64/64
f 64/64/64 74/74/74 73/73/73
f 74/74/74 75/75/75 73/73/73
f 73/73/73 76/76/76 77/77/77
f 73/73/73 77/77/77 72/72/72
f 67/67/67 72/72/72 77/77/77
f 78/78/78 72/72/72 67/67/67
f 73/73/73 70/70/70 62/62/62 63/63/63
f 75/75/75 76/76/76 73/73/73
f 61/61/61 71/71/71 60/60/60
f 57/57/57 60/60/60 96/96/96
f 60/60/60 71/71/71 96/96/96
f 70/70/70 61/61/61 62/62/62
f 96/96/96 71/71/71 95/95/95
f 71/71/71 94/94/94 95/95/95
f 71/71/71 93/93/93 94/94/94
f 93/93/93 71/71/71 69/69/69
f 70/70/70 71/71/71 61/61/61
f 83/83/83 78/78/78 79/79/79
f 82/82/82 83/83/83 85/85/85 65/65/65
f 79/79/79 80/80/80 83/83/83
f 80/80/80 81/81/81 83/83/83
f 84/84/84 81/81/81 58/58/58
f 84/84/84 85/85/85 83/83/83
f 84/84/84 83/83/83 81/81/81
f 86/86/86 82/82/82 65/65/65
f 69/69/69 88/88/88 91/91/91 92/92/92
f 69/69/69 92/92/92 66/66/66
f 91/91/91 88/88/88 90/90/90
f 93/93/93 69/69/69 66/66/66
f 87/87/87 89/89/89 88/88/88
f 89/89/89 90/90/90 88/88/88
f 87/87/87 59/59/59 89/89/89
f 86/86/86 87/87/87 88/88/88
f 88/88/88 82/82/82 86/86/86
f 78/78/78 83/83/83 72/72/72
f 110/110/110 97/97/97 100/100/100 103/103/103
f 109/109/109 110/110/110 103/103/103 104/104/104
f 108/108/108 98/98/98 101/101/101 105/105/105
f 99/99/99 107/107/107 106/106/106 102/102/102
f 107/107/107 108/108/108 105/105/105 106/106/106
f 98/98/98 109/109/109 104/104/104 101/101/101
f 111/111/111 112/112/112 132/132/132 115/115/115
f 116/116/116 131/131/131 130/130/130 117/117/117
f 117/117/117 130/130/130 129/129/129 118/118/118
f 115/115/115 132/132/132 131/131/131 116/116/116
f 128/128/128 119/119/119 118/118/118 129/129/129
f 119/119/119 128/128/128 127/127/127 120/120/120
f 121/121/121 126/126/126 125/125/125 122/122/122
f 122/122/122 125/125/125 124/124/124 123/123/123
f 120/120/120 127/127/127 126/126/126 121/121/121
f 113/113/113 123/123/123 124/124/124 114/114/114
f 133/133/133 137/137/137 154/154/154 134/134/134
f 138/138/138 139/139/139 152/152/152 153/153/153
f 139/139/139 140/140/140 151/151/151 152/152/152
f 137/137/137 138/138/138 153/153/153 154/154/154
f 150/150/150 151/151/151 140/140/140 141/141/141
f 141/141/141 142/142/142 149/149/149 150/150/150
f 143/143/143 144/144/144 147/147/147 148/148/148
f 144/144/144 145/145/145 146/146/146 147/147/147
f 142/142/142 143/143/143 148/148/148 149/149/149
f 135/135/135 136/136/136 146/146/146 145/145/145
usemtl diffuse_0_0_0_255
v -6926.27734375 0 183.12629699707031
v -6926.27734375 2000 183.12629699707031
v 2547.1767578125 0 100
v 2547.1767578125 2000 100
v -6065.05419921875 0 175.56936645507813
v -5203.8310546875 0 168.01242065429688
v -4342.60791015625 0 160.45549011230469
v -3481.385009765625 0 152.8985595703125
v -2620.161865234375 0 145.34161376953125
v -1758.938720703125 0 137.78468322753906
v -897.71563720703125 0 130.22773742675781
v -36.492534637451172 0 122.67080688476563
v 824.7305908203125 0 115.11386871337891
v 1685.9537353515625 0 107.55693817138672
v -2189.55029296875 1000 141.56315612792969
v -2189.55029296875 500 141.56315612792969
v -4557.9140625 1000 162.3447265625
v -4557.9140625 500 162.3447265625
v 178.81324768066406 1000 120.78157806396484
v 178.81324768066406 500 120.78157806396484
v 2547.1767578125 666.66668701171875 100
v 2547.1767578125 1333.3333740234375 100
v -2189.55029296875 1500 141.56315612792969
v 178.81324768066406 1500 120.78157806396484
v 1685.9537353515625 2000 107.55693817138672
v 824.7305908203125 2000 115.11386871337891
v -36.492534637451172 2000 122.67080688476563
v -897.71563720703125 2000 130.22773742675781
v -1758.938720703125 2000 137.78468322753906
v -2620.161865234375 2000 145.34161376953125
v -3481.385009765625 2000 152.8985595703125
v -4342.60791015625 2000 160.45549011230469
v -5203.8310546875 2000 168.01242065429688
v -6065.05419921875 2000 175.56936645507813
v -4557.9140625 1500 162.3447265625
v -6926.27734375 1333.3333740234375 183.12629699707031
v -6926.27734375 666.66668701171875 183.12629699707031
v 2547.1767578125 0 100
v 2547.1767578125 2000 100
v 2547.1767578125 0 -100
v 2547.1767578125 2000 -100
v 2547.1767578125 1333.3333740234375 100
v 2547.1767578125 666.66668701171875 100
v 2547.1767578125 666.66668701171875 -100
v 2547.1767578125 1333.3333740234375 -100
v 2547.1767578125 0 -100
v 2547.1767578125 2000 -100
v -6926.27734375 0 -16.873701095581055
v -6926.27734375 2000 -16.873701095581055
v 2547.1767578125 1333.3333740234375 -100
v 2547.1767578125 666.66668701171875 -100
v -2189.55029296875 1000 -58.436851501464844
v -2189.55029296875 1500 -58.436851501464844
v 178.81324768066406 1000 -79.218421936035156
v 178.81324768066406 1500 -79.218421936035156
v -2189.55029296875 500 -58.436851501464844
v 178.81324768066406 500 -79.218421936035156
v 1685.9537353515625 0 -92.443061828613281
v 824.7305908203125 0 -84.886131286621094
v -36.492534637451172 0 -77.329193115234375
v -897.71563720703125 0 -69.772254943847656
v -1758.938720703125 0 -62.215320587158203
v -2620.161865234375 0 -54.658382415771484
v -3481.385009765625 0 -47.101448059082031
v -4342.60791015625 0 -39.544509887695313
v -5203.8310546875 0 -31.987573623657227
v -6065.05419921875 0 -24.430637359619141
v -4557.9140625 1000 -37.655277252197266
v -4557.9140625 500 -37.655277252197266
v -6926.27734375 666.66668701171875 -16.873701095581055
v -6926.27734375 1333.3333740234375 -16.873701095581055
v -4557.9140625 1500 -37.655277252197266
v -6065.05419921875 2000 -24.430637359619141
v -5203.8310546875 2000 -31.987573623657227
v -4342.60791015625 2000 -39.544509887695313
v -3481.385009765625 2000 -47.101448059082031
v -2620.161865234375 2000 -54.658382415771484
v -1758.938720703125 2000 -62.215320587158203
v -897.71563720703125 2000 -69.772254943847656
v -36.492534637451172 2000 -77.329193115234375
v 824.7305908203125 2000 -84.886131286621094
v 1685.9537353515625 2000 -92.443061828613281
v -6926.27734375 0 -16.873701095581055
v -6926.27734375 2000 -16.873701095581055
v -6926.27734375 0 183.12629699707031
v -6926.27734375 2000 183.12629699707031
v -6926.27734375 666.66668701171875 183.12629699707031
v -6926.27734375 1333.3333740234375 183.12629699707031
v -6926.27734375 1333.3333740234375 -16.873701095581055
v -6926.27734375 666.66668701171875 -16.873701095581055
v -6926.27734375 0 -16.873701095581055
v 2547.1767578125 0 -100
v -6926.27734375 0 183.12629699707031
v 2547.1767578125 0 100
v -6065.05419921875 0 175.56936645507813
v -5203.8310546875 0 168.01242065429688
v -4342.60791015625 0 160.45549011230469
v -3481.385009765625 0 152.8985595703125
v -2620.161865234375 0 145.34161376953125
v -1758.938720703125 0 137.78468322753906
v -897.71563720703125 0 130.22773742675781
v -36.492534637451172 0 122.67080688476563
v 824.7305908203125 0 115.11386871337891
v 1685.9537353515625 0 107.55693817138672
v 1685.9537353515625 0 -92.443061828613281
v 824.7305908203125 0 -84.886131286621094
v -36.492534637451172 0 -77.329193115234375
v -897.71563720703125 0 -69.772254943847656
v -1758.938720703125 0 -62.215320587158203
v -2620.161865234375 0 -54.658382415771484
v -3481.385009765625 0 -47.101448059082031
v -4342.60791015625 0 -39.544509887695313
v -5203.8310546875 0 -31.987573623657227
v -6065.05419921875 0 -24.430637359619141
v -6926.27734375 2000 -16.873701095581055
v 2547.1767578125 2000 -100
v -6926.27734375 2000 183.12629699707031
v 2547.1767578125 2000 100
v -6065.05419921875 2000 175.56936645507813
v -5203.8310546875 2000 168.01242065429688
v -4342.60791015625 2000 160.45549011230469
v -3481.385009765625 2000 152.8985595703125
v -2620.161865234375 2000 145.34161376953125
v -1758.938720703125 2000 137.78468322753906
v -897.71563720703125 2000 130.22773742675781
v -36.492534637451172 2000 122.67080688476563
v 824.7305908203125 2000 115.11386871337891
v 1685.9537353515625 2000 107.55693817138672
v 1685.9537353515625 2000 -92.443061828613281
v 824.7305908203125 2000 -84.886131286621094
v -36.492534637451172 2000 -77.329193115234375
v -897.71563720703125 2000 -69.772254943847656
v -1758.938720703125 2000 -62.215320587158203
v -2620.161865234375 2000 -54.658382415771484
v -3481.385009765625 2000 -47.101448059082031
v -4342.60791015625 2000 -39.544509887695313
v -5203.8310546875 2000 -31.987573623657227
v -6065.05419921875 2000 -24.430637359619141
vt 0.040511172264814377 0.5233575701713562
vt 0.040511172264814377 0.725913405418396
vt 0.99853515625 0.5233575701713562
vt 0.99853515625 0.725913405418396
vt 0.12760426104068756 0.5233575701713562
vt 0.21469736099243164 0.5233575701713562
vt 0.30179044604301453 0.5233575701713562
vt 0.38888353109359741 0.5233575701713562
vt 0.47597664594650269 0.5233575701713562
vt 0.56306970119476318 0.5233575701713562
vt 0.65016281604766846 0.5233575701713562
vt 0.73725593090057373 0.5233575701713562
vt 0.82434898614883423 0.5233575701713562
vt 0.9114421010017395 0.5233575701713562
vt 0.51952314376831055 0.62463545799255371
vt 0.51952314376831055 0.57399648427963257
vt 0.28001716732978821 0.62463545799255371
vt 0.28001716732978821 0.57399648427963257
vt 0.75902915000915527 0.62463545799255371
vt 0.75902915000915527 0.57399648427963257
vt 0.99853515625 0.59087616205215454
vt 0.99853515625 0.65839481353759766
vt 0.51952314376831055 0.67527443170547485
vt 0.75902915000915527 0.67527443170547485
vt 0.9114421010017395 0.725913405418396
vt 0.82434898614883423 0.725913405418396
vt 0.73725593090057373 0.725913405418396
vt 0.65016281604766846 0.725913405418396
vt 0.56306970119476318 0.725913405418396
vt 0.47597664594650269 0.725913405418396
vt 0.38888353109359741 0.725913405418396
vt 0.30179044604301453 0.725913405418396
vt 0.21469736099243164 0.725913405418396
vt 0.12760426104068756 0.725913405418396
vt 0.28001716732978821 0.67527443170547485
vt 0.040511172264814377 0.65839481353759766
vt 0.040511172264814377 0.59087616205215454
vt 0.24306704103946686 0.043613128364086151
vt 0.040511172264814377 0.043613128364086151
vt 0.24306704103946686 0.063868716359138489
vt 0.040511172264814377 0.063868716359138489
vt 0.10802979022264481 0.043613128364086151
vt 0.17554841935634613 0.043613128364086151
vt 0.17554841935634613 0.063868716359138489
vt 0.10802979022264481 0.063868716359138489
vt 0.040511172264814377 0.087226256728172302
vt 0.040511172264814377 0.28978213667869568
vt 0.99853515625 0.087226256728172302
vt 0.99853515625 0.28978213667869568
vt 0.040511172264814377 0.22226350009441376
vt 0.040511172264814377 0.15474487841129303
vt 0.51952314376831055 0.18850418925285339
vt 0.51952314376831055 0.23914316296577454
vt 0.28001716732978821 0.18850418925285339
vt 0.28001716732978821 0.23914316296577454
vt 0.51952314376831055 0.13786523044109344
vt 0.28001716732978821 0.13786523044109344
vt 0.12760426104068756 0.087226256728172302
vt 0.21469736099243164 0.087226256728172302
vt 0.30179044604301453 0.087226256728172302
vt 0.38888353109359741 0.087226256728172302
vt 0.47597664594650269 0.087226256728172302
vt 0.56306970119476318 0.087226256728172302
vt 0.65016281604766846 0.087226256728172302
vt 0.73725593090057373 0.087226256728172302
vt 0.82434898614883423 0.087226256728172302
vt 0.9114421010017395 0.087226256728172302
vt 0.75902915000915527 0.18850418925285339
vt 0.75902915000915527 0.13786523044109344
vt 0.99853515625 0.15474487841129303
vt 0.99853515625 0.22226350009441376
vt 0.75902915000915527 0.23914316296577454
vt 0.9114421010017395 0.28978213667869568
vt 0.82434898614883423 0.28978213667869568
vt 0.73725593090057373 0.28978213667869568
vt 0.65016281604766846 0.28978213667869568
vt 0.56306970119476318 0.28978213667869568
vt 0.47597664594650269 0.28978213667869568
vt 0.38888353109359741 0.28978213667869568
vt 0.30179044604301453 0.28978213667869568
vt 0.21469736099243164 0.28978213667869568
vt 0.12760426104068756 0.28978213667869568
vt 0.24306704103946686 0
vt 0.040511172264814377 0
vt 0.24306704103946686 0.020255586132407188
vt 0.040511172264814377 0.020255586132407188
vt 0.17554841935634613 0.020255586132407188
vt 0.10802979022264481 0.020255586132407188
vt 0.10802979022264481 0
vt 0.17554841935634613 0
vt 0.020255586132407188 0
vt 0.020255586132407188 0.95802396535873413
vt 0.039046328514814377 0
vt 0.039046328514814377 0.95802396535873413
vt 0.039046328514814377 0.087093092501163483
vt 0.039046328514814377 0.17418618500232697
vt 0.039046328514814377 0.26127928495407104
vt 0.039046328514814377 0.34837237000465393
vt 0.039046328514814377 0.43546545505523682
vt 0.039046328514814377 0.52255856990814209
vt 0.039046328514814377 0.60965162515640259
vt 0.039046328514814377 0.69674474000930786
vt 0.039046328514814377 0.78383779525756836
vt 0.039046328514814377 0.87093091011047363
vt 0.020255586132407188 0.87093091011047363
vt 0.020255586132407188 0.78383779525756836
vt 0.020255586132407188 0.69674474000930786
vt 0.020255586132407188 0.60965162515640259
vt 0.020255586132407188 0.52255856990814209
vt 0.020255586132407188 0.43546545505523682
vt 0.020255586132407188 0.34837237000465393
vt 0.020255586132407188 0.26127928495407104
vt 0.020255586132407188 0.17418618500232697
vt 0.020255586132407188 0.087093092501163483
vt 0 0
vt 0 0.95802396535873413
vt 0.018790742382407188 0
vt 0.018790742382407188 0.95802396535873413
vt 0.018790742382407188 0.087093092501163483
vt 0.018790742382407188 0.17418618500232697
vt 0.018790742382407188 0.26127928495407104
vt 0.018790742382407188 0.34837237000465393
vt 0.018790742382407188 0.43546545505523682
vt 0.018790742382407188 0.52255856990814209
vt 0.018790742382407188 0.60965162515640259
vt 0.018790742382407188 0.69674474000930786
vt 0.018790742382407188 0.78383779525756836
vt 0.018790742382407188 0.87093091011047363
vt 0 0.87093091011047363
vt 0 0.78383779525756836
vt 0 0.69674474000930786
vt 0 0.60965162515640259
vt 0 0.52255856990814209
vt 0 0.43546545505523682
vt 0 0.34837237000465393
vt 0 0.26127928495407104
vt 0 0.17418618500232697
vt 0 0.087093092501163483
vn 0.0087743178009986877 0 0.9999614953994751
vn 0.0087743178009986877 0 0.9999614953994751
vn 0.0087743178009986877 0 0.9999614953994751
vn 0.0087743178009986877 0 0.9999614953994751
vn 0.0087743178009986877 0 0.9999614953994751
vn 0.0087743178009986877 0 0.9999614953994751
vn 0.0087743178009986877 0 0.9999614953994751
vn 0.0087743178009986877 0 0.9999614953994751
vn 0.0087743178009986877 0 0.9999614953994751
vn 0.0087743178009986877 0 0.9999614953994751
vn 0.0087743178009986877 0 0.9999614953994751
vn 0.0087743178009986877 0 0.9999614953994751
vn 0.0087743178009986877 0 0.9999614953994751
vn 0.0087743178009986877 0 0.9999614953994751
vn 0.0087743178009986877 0 0.9999614953994751
vn 0.0087743178009986877 0 0.9999614953994751
vn 0.0087743178009986877 0 0.9999614953994751
vn 0.0087743178009986877 0 0.9999614953994751
vn 0.0087743178009986877 0 0.9999614953994751
vn 0.0087743178009986877 0 0.9999614953994751
vn 0.0087743178009986877 0 0.9999614953994751
vn 0.0087743178009986877 0 0.9999614953994751
vn 0.0087743178009986877 0 0.9999614953994751
vn 0.0087743178009986877 0 0.9999614953994751
vn 0.0087743178009986877 0 0.9999614953994751
vn 0.0087743178009986877 0 0.9999614953994751
vn 0.0087743178009986877 0 0.9999614953994751
vn 0.0087743178009986877 0 0.9999614953994751
vn 0.0087743178009986877 0 0.9999614953994751
vn 0.0087743178009986877 0 0.9999614953994751
vn 0.0087743178009986877 0 0.9999614953994751
vn 0.0087743178009986877 0 0.9999614953994751
vn 0.0087743178009986877 0 0.9999614953994751
vn 0.0087743178009986877 0 0.9999614953994751
vn 0.0087743178009986877 0 0.9999614953994751
vn 0.0087743178009986877 0 0.9999614953994751
vn 0.0087743178009986877 0 0.9999614953994751
vn 1 0 0
vn 1 0 0
vn 1 0 0
vn 1 0 0
vn 1 0 0
vn 1 0 0
vn 1 0 0
vn 1 0 0
vn -0.0087743178009986877 0 -0.9999614953994751
vn -0.0087743178009986877 0 -0.9999614953994751
vn -0.0087743178009986877 0 -0.9999614953994751
vn -0.0087743178009986877 0 -0.9999614953994751
vn -0.0087743178009986877 0 -0.9999614953994751
vn -0.0087743178009986877 0 -0.9999614953994751
vn -0.0087743178009986877 0 -0.9999614953994751
vn -0.0087743178009986877 0 -0.9999614953994751
vn -0.0087743178009986877 0 -0.9999614953994751
vn -0.0087743178009986877 0 -0.9999614953994751
vn -0.0087743178009986877 0 -0.9999614953994751
vn -0.0087743178009986877 0 -0.9999614953994751
vn -0.0087743178009986877 0 -0.9999614953994751
vn -0.0087743178009986877 0 -0.9999614953994751
vn -0.0087743178009986877 0 -0.9999614953994751
vn -0.0087743178009986877 0 -0.9999614953994751
vn -0.0087743178009986877 0 -0.9999614953994751
vn -0.0087743178009986877 0 -0.9999614953994751
vn -0.0087743178009986877 0 -0.9999614953994751
vn -0.0087743178009986877 0 -0.9999614953994751
vn -0.0087743178009986877 0 -0.9999614953994751
vn -0.0087743178009986877 0 -0.9999614953994751
vn -0.0087743178009986877 0 -0.9999614953994751
vn -0.0087743178009986877 0 -0.9999614953994751
vn -0.0087743178009986877 0 -0.9999614953994751
vn -0.0087743178009986877 0 -0.9999614953994751
vn -0.0087743178009986877 0 -0.9999614953994751
vn -0.0087743178009986877 0 -0.9999614953994751
vn -0.0087743178009986877 0 -0.9999614953994751
vn -0.0087743178009986877 0 -0.9999614953994751
vn -0.0087743178009986877 0 -0.9999614953994751
vn -0.0087743178009986877 0 -0.9999614953994751
vn -0.0087743178009986877 0 -0.9999614953994751
vn -0.0087743178009986877 0 -0.9999614953994751
vn -0.0087743178009986877 0 -0.9999614953994751
vn -0.0087743178009986877 0 -0.9999614953994751
vn -0.0087743178009986877 0 -0.9999614953994751
vn -1 0 0
vn -1 0 0
vn -1 0 0
vn -1 0 0
vn -1 0 0
vn -1 0 0
vn -1 0 0
vn -1 0 0
vn 0 -1 0
vn 0 -1 0
vn 0 -1 0
vn 0 -1 0
vn 0 -1 0
vn 0 -1 0
vn 0 -1 0
vn 0 -1 0
vn 0 -1 0
vn 0 -1 0
vn 0 -1 0
vn 0 -1 0
vn 0 -1 0
vn 0 -1 0
vn 0 -1 0
vn 0 -1 0
vn 0 -1 0
vn 0 -1 0
vn 0 -1 0
vn 0 -1 0
vn 0 -1 0
vn 0 -1 0
vn 0 -1 0
vn 0 -1 0
vn 0 1 0
vn 0 1 0
vn 0 1 0
vn 0 1 0
vn 0 1 0
vn 0 1 0
vn 0 1 0
vn 0 1 0
vn 0 1 0
vn 0 1 0
vn 0 1 0
vn 0 1 0
vn 0 1 0
vn 0 1 0
vn 0 1 0
vn 0 1 0
vn 0 1 0
vn 0 1 0
vn 0 1 0
vn 0 1 0
vn 0 1 0
vn 0 1 0
vn 0 1 0
vn 0 1 0
f 178/178/178 177/177/177 169/169/169 173/173/173
f 177/177/177 189/189/189 171/171/171 169/169/169
f 169/169/169 171/171/171 172/172/172 170/170/170
f 173/173/173 169/169/169 170/170/170 174/174/174
f 191/191/191 155/155/155 159/159/159
f 160/160/160 172/172/172 159/159/159
f 191/191/191 159/159/159 172/172/172
f 172/172/172 161/161/161 162/162/162
f 170/170/170 172/172/172 162/162/162 163/163/163
f 164/164/164 170/170/170 163/163/163
f 171/171/171 191/191/191 172/172/172
f 160/160/160 161/161/161 172/172/172
f 188/188/188 156/156/156 190/190/190
f 188/188/188 189/189/189 187/187/187
f 189/189/189 188/188/188 190/190/190
f 190/190/190 171/171/171 189/189/189
f 189/189/189 185/185/185 186/186/186
f 185/185/185 177/177/177 184/184/184
f 177/177/177 185/185/185 189/189/189
f 187/187/187 189/189/189 186/186/186
f 171/171/171 190/190/190 191/191/191
f 174/174/174 170/170/170 164/164/164 165/165/165
f 165/165/165 166/166/166 174/174/174
f 167/167/167 174/174/174 166/166/166
f 174/174/174 168/168/168 175/175/175
f 174/174/174 175/175/175 173/173/173
f 157/157/157 175/175/175 168/168/168
f 176/176/176 173/173/173 175/175/175
f 168/168/168 174/174/174 167/167/167
f 184/184/184 177/177/177 183/183/183
f 182/182/182 183/183/183 177/177/177
f 182/182/182 178/178/178 181/181/181
f 178/178/178 182/182/182 177/177/177
f 179/179/179 178/178/178 176/176/176
f 178/178/178 179/179/179 180/180/180
f 176/176/176 158/158/158 179/179/179
f 181/181/181 178/178/178 180/180/180
f 178/178/178 173/173/173 176/176/176
f 197/197/197 192/192/192 194/194/194 198/198/198
f 193/193/193 196/196/196 199/199/199 195/195/195
f 196/196/196 197/197/197 198/198/198 199/199/199
f 226/226/226 207/207/207 206/206/206 222/222/222
f 207/207/207 209/209/209 208/208/208 206/206/206
f 206/206/206 208/208/208 211/211/211 210/210/210
f 222/222/222 206/206/206 210/210/210 223/223/223
f 205/205/205 200/200/200 212/212/212
f 213/213/213 211/211/211 212/212/212
f 205/205/205 212/212/212 211/211/211
f 211/211/211 214/214/214 215/215/215
f 210/210/210 211/211/211 215/215/215 216/216/216
f 217/217/217 210/210/210 216/216/216
f 208/208/208 205/205/205 211/211/211
f 213/213/213 214/214/214 211/211/211
f 236/236/236 201/201/201 204/204/204
f 236/236/236 209/209/209 235/235/235
f 209/209/209 236/236/236 204/204/204
f 204/204/204 208/208/208 209/209/209
f 209/209/209 233/233/233 234/234/234
f 233/233/233 207/207/207 232/232/232
f 207/207/207 233/233/233 209/209/209
f 235/235/235 209/209/209 234/234/234
f 208/208/208 204/204/204 205/205/205
f 223/223/223 210/210/210 217/217/217 218/218/218
f 218/218/218 219/219/219 223/223/223
f 220/220/220 223/223/223 219/219/219
f 223/223/223 221/221/221 224/224/224
f 223/223/223 224/224/224 222/222/222
f 202/202/202 224/224/224 221/221/221
f 225/225/225 222/222/222 224/224/224
f 221/221/221 223/223/223 220/220/220
f 232/232/232 207/207/207 231/231/231
f 230/230/230 231/231/231 207/207/207
f 230/230/230 226/226/226 229/229/229
f 226/226/226 230/230/230 207/207/207
f 227/227/227 226/226/226 225/225/225
f 226/226/226 227/227/227 228/228/228
f 225/225/225 203/203/203 227/227/227
f 229/229/229 226/226/226 228/228/228
f 226/226/226 222/222/222 225/225/225
f 244/244/244 237/237/237 239/239/239 241/241/241
f 238/238/238 243/243/243 242/242/242 240/240/240
f 243/243/243 244/244/244 241/241/241 242/242/242
f 268/268/268 249/249/249 247/247/247 245/245/245
f 267/267/267 250/250/250 249/249/249 268/268/268
f 265/265/265 252/252/252 251/251/251 266/266/266
f 264/264/264 253/253/253 252/252/252 265/265/265
f 266/266/266 251/251/251 250/250/250 267/267/267
f 262/262/262 255/255/255 254/254/254 263/263/263
f 261/261/261 256/256/256 255/255/255 262/262/262
f 259/259/259 258/258/258 257/257/257 260/260/260
f 246/246/246 248/248/248 258/258/258 259/259/259
f 260/260/260 257/257/257 256/256/256 261/261/261
f 263/263/263 254/254/254 253/253/253 264/264/264
f 292/292/292 269/269/269 271/271/271 273/273/273
f 291/291/291 292/292/292 273/273/273 274/274/274
f 289/289/289 290/290/290 275/275/275 276/276/276
f 288/288/288 289/289/289 276/276/276 277/277/277
f 290/290/290 291/291/291 274/274/274 275/275/275
f 286/286/286 287/287/287 278/278/278 279/279/279
f 285/285/285 286/286/286 279/279/279 280/280/280
f 283/283/283 284/284/284 281/281/281 282/282/282
f 270/270/270 283/283/283 282/282/282 272/272/272
f 284/284/284 285/285/285 280/280/280 281/281/281
f 287/287/287 288/288/288 277/277/277 278/278/278
usemtl diffuse_0_0_0_255
v -2533.032958984375 0 -4732.76708984375
v -2533.032958984375 2000 -4732.76708984375
v -3739.652099609375 0 -4732.76708984375
v -3739.652099609375 2000 -4732.76708984375
v -2705.406982421875 0 -4732.76708984375
v -2877.78125 0 -4732.76708984375
v -3050.155517578125 0 -4732.76708984375
v -3222.529541015625 0 -4732.76708984375
v -3394.90380859375 0 -4732.76708984375
v -3567.27783203125 0 -4732.76708984375
v -3739.652099609375 1000 -4732.76708984375
v -2533.032958984375 1000 -4732.76708984375
v -3136.342529296875 1000 -4732.76708984375
v -3136.342529296875 500 -4732.76708984375
v -2834.687744140625 1000 -4732.76708984375
v -2834.687744140625 500 -4732.76708984375
v -3437.997314453125 1000 -4732.76708984375
v -3437.997314453125 500 -4732.76708984375
v -3739.652099609375 200 -4732.76708984375
v -3739.652099609375 400 -4732.76708984375
v -3739.652099609375 600 -4732.76708984375
v -3739.652099609375 800 -4732.76708984375
v -3739.652099609375 1200 -4732.76708984375
v -3739.652099609375 1400 -4732.76708984375
v -3739.652099609375 1600 -4732.76708984375
v -3739.652099609375 1800 -4732.76708984375
v -3136.342529296875 1500 -4732.76708984375
v -3437.997314453125 1500 -4732.76708984375
v -3567.27783203125 2000 -4732.76708984375
v -3394.90380859375 2000 -4732.76708984375
v -3222.529541015625 2000 -4732.76708984375
v -3050.155517578125 2000 -4732.76708984375
v -2877.78125 2000 -4732.76708984375
v -2705.406982421875 2000 -4732.76708984375
v -2834.687744140625 1500 -4732.76708984375
v -2533.032958984375 1800 -4732.76708984375
v -2533.032958984375 1600 -4732.76708984375
v -2533.032958984375 1400 -4732.76708984375
v -2533.032958984375 1200 -4732.76708984375
v -2533.032958984375 800 -4732.76708984375
v -2533.032958984375 600 -4732.76708984375
v -2533.032958984375 400 -4732.76708984375
v -2533.032958984375 200 -4732.76708984375
v -3739.652099609375 0 -4732.76708984375
v -3739.652099609375 2000 -4732.76708984375
v -3739.652099609375 0 -4682.76708984375
v -3739.652099609375 2000 -4682.76708984375
v -3739.652099609375 1800 -4732.76708984375
v -3739.652099609375 1600 -4732.76708984375
v -3739.652099609375 1400 -4732.76708984375
v -3739.652099609375 1200 -4732.76708984375
v -3739.652099609375 1000 -4732.76708984375
v -3739.652099609375 800 -4732.76708984375
v -3739.652099609375 600 -4732.76708984375
v -3739.652099609375 400 -4732.76708984375
v -3739.652099609375 200 -4732.76708984375
v -3739.652099609375 200 -4682.76708984375
v -3739.652099609375 400 -4682.76708984375
v -3739.652099609375 600 -4682.76708984375
v -3739.652099609375 800 -4682.76708984375
v -3739.652099609375 1000 -4682.76708984375
v -3739.652099609375 1200 -4682.76708984375
v -3739.652099609375 1400 -4682.76708984375
v -3739.652099609375 1600 -4682.76708984375
v -3739.652099609375 1800 -4682.76708984375
v -3739.652099609375 0 -4682.76708984375
v -3739.652099609375 2000 -4682.76708984375
v -2533.032958984375 0 -4682.76708984375
v -2533.032958984375 2000 -4682.76708984375
v -3739.652099609375 1800 -4682.76708984375
v -3739.652099609375 1600 -4682.76708984375
v -3739.652099609375 1400 -4682.76708984375
v -3739.652099609375 1200 -4682.76708984375
v -3739.652099609375 1000 -4682.76708984375
v -3739.652099609375 800 -4682.76708984375
v -3739.652099609375 600 -4682.76708984375
v -3739.652099609375 400 -4682.76708984375
v -3739.652099609375 200 -4682.76708984375
v -2533.032958984375 1000 -4682.76708984375
v -3136.342529296875 1000 -4682.76708984375
v -3136.342529296875 1500 -4682.76708984375
v -3437.997314453125 1000 -4682.76708984375
v -3437.997314453125 1500 -4682.76708984375
v -3136.342529296875 500 -4682.76708984375
v -3437.997314453125 500 -4682.76708984375
v -3567.27783203125 0 -4682.76708984375
v -3394.90380859375 0 -4682.76708984375
v -3222.529541015625 0 -4682.76708984375
v -3050.155517578125 0 -4682.76708984375
v -2877.78125 0 -4682.76708984375
v -2705.406982421875 0 -4682.76708984375
v -2834.687744140625 1000 -4682.76708984375
v -2834.687744140625 500 -4682.76708984375
v -2533.032958984375 200 -4682.76708984375
v -2533.032958984375 400 -4682.76708984375
v -2533.032958984375 600 -4682.76708984375
v -2533.032958984375 800 -4682.76708984375
v -2533.032958984375 1200 -4682.76708984375
v -2533.032958984375 1400 -4682.76708984375
v -2533.032958984375 1600 -4682.76708984375
v -2533.032958984375 1800 -4682.76708984375
v -2834.687744140625 1500 -4682.76708984375
v -2705.406982421875 2000 -4682.76708984375
v -2877.78125 2000 -4682.76708984375
v -3050.155517578125 2000 -4682.76708984375
v -3222.529541015625 2000 -4682.76708984375
v -3394.90380859375 2000 -4682.76708984375
v -3567.27783203125 2000 -4682.76708984375
v -2533.032958984375 0 -4682.76708984375
v -2533.032958984375 2000 -4682.76708984375
v -2533.032958984375 0 -4732.76708984375
v -2533.032958984375 2000 -4732.76708984375
v -2533.032958984375 200 -4732.76708984375
v -2533.032958984375 400 -4732.76708984375
v -2533.032958984375 600 -4732.76708984375
v -2533.032958984375 800 -4732.76708984375
v -2533.032958984375 1000 -4732.76708984375
v -2533.032958984375 1200 -4732.76708984375
v -2533.032958984375 1400 -4732.76708984375
v -2533.032958984375 1600 -4732.76708984375
v -2533.032958984375 1800 -4732.76708984375
v -2533.032958984375 1800 -4682.76708984375
v -2533.032958984375 1600 -4682.76708984375
v -2533.032958984375 1400 -4682.76708984375
v -2533.032958984375 1200 -4682.76708984375
v -2533.032958984375 1000 -4682.76708984375
v -2533.032958984375 800 -4682.76708984375
v -2533.032958984375 600 -4682.76708984375
v -2533.032958984375 400 -4682.76708984375
v -2533.032958984375 200 -4682.76708984375
v -2533.032958984375 0 -4732.76708984375
v -2533.032958984375 0 -4682.76708984375
v -3739.652099609375 0 -4732.76708984375
v -3739.652099609375 0 -4682.76708984375
v -2705.406982421875 0 -4732.76708984375
v -2877.78125 0 -4732.76708984375
v -3050.155517578125 0 -4732.76708984375
v -3222.529541015625 0 -4732.76708984375
v -3394.90380859375 0 -4732.76708984375
v -3567.27783203125 0 -4732.76708984375
v -3567.27783203125 0 -4682.76708984375
v -3394.90380859375 0 -4682.76708984375
v -3222.529541015625 0 -4682.76708984375
v -3050.155517578125 0 -4682.76708984375
v -2877.78125 0 -4682.76708984375
v -2705.406982421875 0 -4682.76708984375
v -2533.032958984375 2000 -4732.76708984375
v -2533.032958984375 2000 -4682.76708984375
v -3739.652099609375 2000 -4732.76708984375
v -3739.652099609375 2000 -4682.76708984375
v -2705.406982421875 2000 -4732.76708984375
v -2877.78125 2000 -4732.76708984375
v -3050.155517578125 2000 -4732.76708984375
v -3222.529541015625 2000 -4732.76708984375
v -3394.90380859375 2000 -4732.76708984375
v -3567.27783203125 2000 -4732.76708984375
v -3567.27783203125 2000 -4682.76708984375
v -3394.90380859375 2000 -4682.76708984375
v -3222.529541015625 2000 -4682.76708984375
v -3050.155517578125 2000 -4682.76708984375
v -2877.78125 2000 -4682.76708984375
v -2705.406982421875 2000 -4682.76708984375
vt 0.91017329692840576 0.5
vt 0.082876197993755341 0.5
vt 0.91017329692840576 0.99853515625
vt 0.082876197993755341 0.99853515625
vt 0.91017329692840576 0.57121932506561279
vt 0.91017329692840576 0.64243865013122559
vt 0.91017329692840576 0.7136579155921936
vt 0.91017329692840576 0.7848772406578064
vt 0.91017329692840576 0.85609656572341919
vt 0.91017329692840576 0.92731583118438721
vt 0.49652475118637085 0.99853515625
vt 0.49652475118637085 0.5
vt 0.49652475118637085 0.749267578125
vt 0.70334905385971069 0.749267578125
vt 0.49652475118637085 0.6246337890625
vt 0.70334905385971069 0.6246337890625
vt 0.49652475118637085 0.8739013671875
vt 0.70334905385971069 0.8739013671875
vt 0.82744359970092773 0.99853515625
vt 0.74471390247344971 0.99853515625
vt 0.6619841456413269 0.99853515625
vt 0.57925444841384888 0.99853515625
vt 0.41379502415657043 0.99853515625
vt 0.33106532692909241 0.99853515625
vt 0.24833561480045319 0.99853515625
vt 0.16560593247413635 0.99853515625
vt 0.28970047831535339 0.749267578125
vt 0.28970047831535339 0.8739013671875
vt 0.082876197993755341 0.92731583118438721
vt 0.082876197993755341 0.85609656572341919
vt 0.082876197993755341 0.7848772406578064
vt 0.082876197993755341 0.7136579155921936
vt 0.082876197993755341 0.64243865013122559
vt 0.082876197993755341 0.57121932506561279
vt 0.28970047831535339 0.6246337890625
vt 0.16560593247413635 0.5
vt 0.24833561480045319 0.5
vt 0.33106532692909241 0.5
vt 0.41379502415657043 0.5
vt 0.57925444841384888 0.5
vt 0.6619841456413269 0.5
vt 0.74471390247344971 0.5
vt 0.82744359970092773 0.5
vt 0.062157146632671356 0
vt 0.062157146632671356 0.82876193523406982
vt 0.081411354243755341 0
vt 0.081411354243755341 0.82876193523406982
vt 0.062157146632671356 0.74588572978973389
vt 0.062157146632671356 0.66300958395004272
vt 0.062157146632671356 0.58013337850570679
vt 0.062157146632671356 0.49725720286369324
vt 0.062157146632671356 0.41438096761703491
vt 0.062157146632671356 0.33150479197502136
vt 0.062157146632671356 0.24862860143184662
vt 0.062157146632671356 0.16575239598751068
vt 0.062157146632671356 0.082876197993755341
vt 0.081411354243755341 0.082876197993755341
vt 0.081411354243755341 0.16575239598751068
vt 0.081411354243755341 0.24862860143184662
vt 0.081411354243755341 0.33150479197502136
vt 0.081411354243755341 0.41438096761703491
vt 0.081411354243755341 0.49725720286369324
vt 0.081411354243755341 0.58013337850570679
vt 0.081411354243755341 0.66300958395004272
vt 0.081411354243755341 0.74588572978973389
vt 0.91017329692840576 0
vt 0.082876197993755341 0
vt 0.91017329692840576 0.49853515625
vt 0.082876197993755341 0.49853515625
vt 0.16560593247413635 0
vt 0.24833561480045319 0
vt 0.33106532692909241 0
vt 0.41379502415657043 0
vt 0.49652475118637085 0
vt 0.57925444841384888 0
vt 0.6619841456413269 0
vt 0.74471390247344971 0
vt 0.82744359970092773 0
vt 0.49652475118637085 0.49853515625
vt 0.49652475118637085 0.249267578125
vt 0.28970047831535339 0.249267578125
vt 0.49652475118637085 0.1246337890625
vt 0.28970047831535339 0.1246337890625
vt 0.70334905385971069 0.249267578125
vt 0.70334905385971069 0.1246337890625
vt 0.91017329692840576 0.071219310164451599
vt 0.91017329692840576 0.1424386203289032
vt 0.91017329692840576 0.2136579304933548
vt 0.91017329692840576 0.2848772406578064
vt 0.91017329692840576 0.3560965359210968
vt 0.91017329692840576 0.42731586098670959
vt 0.49652475118637085 0.3739013671875
vt 0.70334905385971069 0.3739013671875
vt 0.82744359970092773 0.49853515625
vt 0.74471390247344971 0.49853515625
vt 0.6619841456413269 0.49853515625
vt 0.57925444841384888 0.49853515625
vt 0.41379502415657043 0.49853515625
vt 0.33106532692909241 0.49853515625
vt 0.24833561480045319 0.49853515625
vt 0.16560593247413635 0.49853515625
vt 0.28970047831535339 0.3739013671875
vt 0.082876197993755341 0.42731586098670959
vt 0.082876197993755341 0.3560965359210968
vt 0.082876197993755341 0.2848772406578064
vt 0.082876197993755341 0.2136579304933548
vt 0.082876197993755341 0.1424386203289032
vt 0.082876197993755341 0.071219310164451599
vt 0.04143809899687767 0
vt 0.04143809899687767 0.82876193523406982
vt 0.060692302882671356 0
vt 0.060692302882671356 0.82876193523406982
vt 0.060692302882671356 0.082876197993755341
vt 0.060692302882671356 0.16575239598751068
vt 0.060692302882671356 0.24862860143184662
vt 0.060692302882671356 0.33150479197502136
vt 0.060692302882671356 0.41438096761703491
vt 0.060692302882671356 0.49725720286369324
vt 0.060692302882671356 0.58013337850570679
vt 0.060692302882671356 0.66300958395004272
vt 0.060692302882671356 0.74588572978973389
vt 0.04143809899687767 0.74588572978973389
vt 0.04143809899687767 0.66300958395004272
vt 0.04143809899687767 0.58013337850570679
vt 0.04143809899687767 0.49725720286369324
vt 0.04143809899687767 0.41438096761703491
vt 0.04143809899687767 0.33150479197502136
vt 0.04143809899687767 0.24862860143184662
vt 0.04143809899687767 0.16575239598751068
vt 0.04143809899687767 0.082876197993755341
vt 0.03997325524687767 0
vt 0.020719049498438835 0
vt 0.03997325524687767 0.5
vt 0.020719049498438835 0.5
vt 0.03997325524687767 0.071428574621677399
vt 0.03997325524687767 0.1428571492433548
vt 0.03997325524687767 0.2142857164144516
vt 0.03997325524687767 0.28571429848670959
vt 0.03997325524687767 0.3571428656578064
vt 0.03997325524687767 0.4285714328289032
vt 0.020719049498438835 0.4285714328289032
vt 0.020719049498438835 0.3571428656578064
vt 0.020719049498438835 0.28571429848670959
vt 0.020719049498438835 0.2142857164144516
vt 0.020719049498438835 0.1428571492433548
vt 0.020719049498438835 0.071428574621677399
vt 0.019254205748438835 0
vt 0 0
vt 0.019254205748438835 0.5
vt 0 0.5
vt 0.019254205748438835 0.071428574621677399
vt 0.019254205748438835 0.1428571492433548
vt 0.019254205748438835 0.2142857164144516
vt 0.019254205748438835 0.28571429848670959
vt 0.019254205748438835 0.3571428656578064
vt 0.019254205748438835 0.4285714328289032
vt 0 0.4285714328289032
vt 0 0.3571428656578064
vt 0 0.28571429848670959
vt 0 0.2142857164144516
vt 0 0.1428571492433548
vt 0 0.071428574621677399
vn 0 0 -1
vn 0 0 -1
vn 0 0 -1
vn 0 0 -1
vn 0 0 -1
vn 0 0 -1
vn 0 0 -1
vn 0 0 -1
vn 0 0 -1
vn 0 0 -1
vn 0 0 -1
vn 0 0 -1
vn 0 0 -1
vn 0 0 -1
vn 0 0 -1
vn 0 0 -1
vn 0 0 -1
vn 0 0 -1
vn 0 0 -1
vn 0 0 -1
vn 0 0 -1
vn 0 0 -1
vn 0 0 -1
vn 0 0 -1
vn 0 0 -1
vn 0 0 -1
vn 0 0 -1
vn 0 0 -1
vn 0 0 -1
vn 0 0 -1
vn 0 0 -1
vn 0 0 -1
vn 0 0 -1
vn 0 0 -1
vn 0 0 -1
vn 0 0 -1
vn 0 0 -1
vn 0 0 -1
vn 0 0 -1
vn 0 0 -1
vn 0 0 -1
vn 0 0 -1
vn 0 0 -1
vn -1 0 0
vn -1 0 0
vn -1 0 0
vn -1 0 0
vn -1 0 0
vn -1 0 0
vn -1 0 0
vn -1 0 0
vn -1 0 0
vn -1 0 0
vn -1 0 0
vn -1 0 0
vn -1 0 0
vn -1 0 0
vn -1 0 0
vn -1 0 0
vn -1 0 0
vn -1 0 0
vn -1 0 0
vn -1 0 0
vn -1 0 0
vn -1 0 0
vn 0 0 1
vn 0 0 1
vn 0 0 1
vn 0 0 1
vn 0 0 1
vn 0 0 1
vn 0 0 1
vn 0 0 1
vn 0 0 1
vn 0 0 1
vn 0 0 1
vn 0 0 1
vn 0 0 1
vn 0 0 1
vn 0 0 1
vn 0 0 1
vn 0 0 1
vn 0 0 1
vn 0 0 1
vn 0 0 1
vn 0 0 1
vn 0 0 1
vn 0 0 1
vn 0 0 1
vn 0 0 1
vn 0 0 1
vn 0 0 1
vn 0 0 1
vn 0 0 1
vn 0 0 1
vn 0 0 1
vn 0 0 1
vn 0 0 1
vn 0 0 1
vn 0 0 1
vn 0 0 1
vn 0 0 1
vn 0 0 1
vn 0 0 1
vn 0 0 1
vn 0 0 1
vn 0 0 1
vn 0 0 1
vn 1 0 0
vn 1 0 0
vn 1 0 0
vn 1 0 0
vn 1 0 0
vn 1 0 0
vn 1 0 0
vn 1 0 0
vn 1 0 0
vn 1 0 0
vn 1 0 0
vn 1 0 0
vn 1 0 0
vn 1 0 0
vn 1 0 0
vn 1 0 0
vn 1 0 0
vn 1 0 0
vn 1 0 0
vn 1 0 0
vn 1 0 0
vn 1 0 0
vn 0 -1 0
vn 0 -1 0
vn 0 -1 0
vn 0 -1 0
vn 0 -1 0
vn 0 -1 0
vn 0 -1 0
vn 0 -1 0
vn 0 -1 0
vn 0 -1 0
vn 0 -1 0
vn 0 -1 0
vn 0 -1 0
vn 0 -1 0
vn 0 -1 0
vn 0 -1 0
vn 0 1 0
vn 0 1 0
vn 0 1 0
vn 0 1 0
vn 0 1 0
vn 0 1 0
vn 0 1 0
vn 0 1 0
vn 0 1 0
vn 0 1 0
vn 0 1 0
vn 0 1 0
vn 0 1 0
vn 0 1 0
vn 0 1 0
vn 0 1 0
f 320/320/320 319/319/319 305/305/305 309/309/309
f 319/319/319 327/327/327 307/307/307 305/305/305
f 305/305/305 307/307/307 308/308/308 306/306/306
f 309/309/309 305/305/305 306/306/306 310/310/310
f 297/297/297 335/335/335 293/293/293
f 308/308/308 333/333/333 334/334/334
f 308/308/308 332/332/332 333/333/333
f 334/334/334 335/335/335 308/308/308
f 308/308/308 297/297/297 298/298/298
f 306/306/306 308/308/308 298/298/298 299/299/299
f 300/300/300 306/306/306 299/299/299
f 307/307/307 332/332/332 308/308/308
f 335/335/335 297/297/297 308/308/308
f 307/307/307 331/331/331 304/304/304
f 327/327/327 329/329/329 330/330/330
f 327/327/327 328/328/328 329/329/329
f 330/330/330 331/331/331 327/327/327
f 328/328/328 327/327/327 326/326/326
f 307/307/307 327/327/327 331/331/331
f 294/294/294 328/328/328 326/326/326
f 327/327/327 325/325/325 326/326/326
f 327/327/327 324/324/324 325/325/325
f 324/324/324 327/327/327 319/319/319
f 307/307/307 304/304/304 332/332/332
f 310/310/310 300/300/300 301/301/301
f 309/309/309 310/310/310 313/313/313 314/314/314
f 301/301/301 302/302/302 310/310/310
f 302/302/302 311/311/311 310/310/310
f 302/302/302 295/295/295 311/311/311
f 310/310/310 312/312/312 313/313/313
f 310/310/310 311/311/311 312/312/312
f 303/303/303 309/309/309 314/314/314
f 319/319/319 320/320/320 322/322/322 323/323/323
f 320/320/320 321/321/321 322/322/322
f 321/321/321 320/320/320 318/318/318
f 324/324/324 319/319/319 323/323/323
f 320/320/320 309/309/309 315/315/315 316/316/316
f 320/320/320 317/317/317 318/318/318
f 321/321/321 318/318/318 296/296/296
f 320/320/320 316/316/316 317/317/317
f 309/309/309 303/303/303 315/315/315
f 300/300/300 310/310/310 306/306/306
f 348/348/348 336/336/336 338/338/338 349/349/349
f 346/346/346 347/347/347 350/350/350 351/351/351
f 345/345/345 346/346/346 351/351/351 352/352/352
f 347/347/347 348/348/348 349/349/349 350/350/350
f 343/343/343 344/344/344 353/353/353 354/354/354
f 342/342/342 343/343/343 354/354/354 355/355/355
f 340/340/340 341/341/341 356/356/356 357/357/357
f 337/337/337 340/340/340 357/357/357 339/339/339
f 341/341/341 342/342/342 355/355/355 356/356/356
f 344/344/344 345/345/345 352/352/352 353/353/353
f 394/394/394 373/373/373 372/372/372 384/384/384
f 373/373/373 375/375/375 374/374/374 372/372/372
f 372/372/372 374/374/374 377/377/377 376/376/376
f 384/384/384 372/372/372 376/376/376 385/385/385
f 378/378/378 370/370/370 358/358/358
f 377/377/377 368/368/368 369/369/369
f 377/377/377 367/367/367 368/368/368
f 369/369/369 370/370/370 377/377/377
f 377/377/377 378/378/378 379/379/379
f 376/376/376 377/377/377 379/379/379 380/380/380
f 381/381/381 376/376/376 380/380/380
f 374/374/374 367/367/367 377/377/377
f 370/370/370 378/378/378 377/377/377
f 374/374/374 365/365/365 366/366/366
f 375/375/375 363/363/363 364/364/364
f 375/375/375 362/362/362 363/363/363
f 364/364/364 365/365/365 375/375/375
f 362/362/362 375/375/375 400/400/400
f 374/374/374 375/375/375 365/365/365
f 359/359/359 362/362/362 400/400/400
f 375/375/375 399/399/399 400/400/400
f 375/375/375 398/398/398 399/399/399
f 398/398/398 375/375/375 373/373/373
f 374/374/374 366/366/366 367/367/367
f 381/381/381 382/382/382 385/385/385 376/376/376
f 384/384/384 385/385/385 388/388/388 389/389/389
f 382/382/382 383/383/383 385/385/385
f 383/383/383 386/386/386 385/385/385
f 383/383/383 360/360/360 386/386/386
f 385/385/385 387/387/387 388/388/388
f 385/385/385 386/386/386 387/387/387
f 371/371/371 384/384/384 389/389/389
f 373/373/373 394/394/394 396/396/396 397/397/397
f 394/394/394 395/395/395 396/396/396
f 395/395/395 394/394/394 393/393/393
f 398/398/398 373/373/373 397/397/397
f 394/394/394 384/384/384 390/390/390 391/391/391
f 394/394/394 392/392/392 393/393/393
f 395/395/395 393/393/393 361/361/361
f 394/394/394 391/391/391 392/392/392
f 384/384/384 371/371/371 390/390/390
f 422/422/422 401/401/401 403/403/403 405/405/405
f 420/420/420 421/421/421 406/406/406 407/407/407
f 419/419/419 420/420/420 407/407/407 408/408/408
f 421/421/421 422/422/422 405/405/405 406/406/406
f 417/417/417 418/418/418 409/409/409 410/410/410
f 416/416/416 417/417/417 410/410/410 411/411/411
f 414/414/414 415/415/415 412/412/412 413/413/413
f 402/402/402 414/414/414 413/413/413 404/404/404
f 415/415/415 416/416/416 411/411/411 412/412/412
f 418/418/418 419/419/419 408/408/408 409/409/409
f 423/423/423 424/424/424 438/438/438 427/427/427
f 428/428/428 437/437/437 436/436/436 429/429/429
f 427/427/427 438/438/438 437/437/437 428/428/428
f 429/429/429 436/436/436 435/435/435 430/430/430
f 431/431/431 430/430/430 435/435/435 434/434/434
f 432/432/432 433/433/433 426/426/426 425/425/425
f 431/431/431 434/434/434 433/433/433 432/432/432
f 439/439/439 443/443/443 454/454/454 440/440/440
f 444/444/444 445/445/445 452/452/452 453/453/453
f 443/443/443 444/444/444 453/453/453 454/454/454
f 445/445/445 446/446/446 451/451/451 452/452/452
f 447/447/447 450/450/450 451/451/451 446/446/446
f 448/448/448 441/441/441 442/442/442 449/449/449
f 447/447/447 448/448/448 449/449/449 450/450/450
usemtl diffuse_0_0_0_255
v -392.14849853515625 0 -4732.76708984375
v -392.14849853515625 2000 -4732.76708984375
v -1662.5067138671875 0 -4732.76708984375
v -1662.5067138671875 2000 -4732.76708984375
v -573.62823486328125 0 -4732.76708984375
v -755.10797119140625 0 -4732.76708984375
v -936.58770751953125 0 -4732.76708984375
v -1118.0675048828125 0 -4732.76708984375
v -1299.5472412109375 0 -4732.76708984375
v -1481.0269775390625 0 -4732.76708984375
v -1662.5067138671875 1000 -4732.76708984375
v -392.14849853515625 1000 -4732.76708984375
v -1027.32763671875 1000 -4732.76708984375
v -1027.32763671875 500 -4732.76708984375
v -709.738037109375 1000 -4732.76708984375
v -709.738037109375 500 -4732.76708984375
v -1344.9171142578125 1000 -4732.76708984375
v -1344.9171142578125 500 -4732.76708984375
v -1662.5067138671875 200 -4732.76708984375
v -1662.5067138671875 400 -4732.76708984375
v -1662.5067138671875 600 -4732.76708984375
v -1662.5067138671875 800 -4732.76708984375
v -1662.5067138671875 1200 -4732.76708984375
v -1662.5067138671875 1400 -4732.76708984375
v -1662.5067138671875 1600 -4732.76708984375
v -1662.5067138671875 1800 -4732.76708984375
v -1027.32763671875 1500 -4732.76708984375
v -1344.9171142578125 1500 -4732.76708984375
v -1481.0269775390625 2000 -4732.76708984375
v -1299.5472412109375 2000 -4732.76708984375
v -1118.0675048828125 2000 -4732.76708984375
v -936.58770751953125 2000 -4732.76708984375
v -755.10797119140625 2000 -4732.76708984375
v -573.62823486328125 2000 -4732.76708984375
v -709.738037109375 1500 -4732.76708984375
v -392.14849853515625 1800 -4732.76708984375
v -392.14849853515625 1600 -4732.76708984375
v -392.14849853515625 1400 -4732.76708984375
v -392.14849853515625 1200 -4732.76708984375
v -392.14849853515625 800 -4732.76708984375
v -392.14849853515625 600 -4732.76708984375
v -392.14849853515625 400 -4732.76708984375
v -392.14849853515625 200 -4732.76708984375
v -1662.5067138671875 0 -4732.76708984375
v -1662.5067138671875 2000 -4732.76708984375
v -1662.5067138671875 0 -4682.76708984375
v -1662.5067138671875 2000 -4682.76708984375
v -1662.5067138671875 1800 -4732.76708984375
v -1662.5067138671875 1600 -4732.76708984375
v -1662.5067138671875 1400 -4732.76708984375
v -1662.5067138671875 1200 -4732.76708984375
v -1662.5067138671875 1000 -4732.76708984375
v -1662.5067138671875 800 -4732.76708984375
v -1662.5067138671875 600 -4732.76708984375
v -1662.5067138671875 400 -4732.76708984375
v -1662.5067138671875 200 -4732.76708984375
v -1662.5067138671875 200 -4682.76708984375
v -1662.5067138671875 400 -4682.76708984375
v -1662.5067138671875 600 -4682.76708984375
v -1662.5067138671875 800 -4682.76708984375
v -1662.5067138671875 1000 -4682.76708984375
v -1662.5067138671875 1200 -4682.76708984375
v -1662.5067138671875 1400 -4682.76708984375
v -1662.5067138671875 1600 -4682.76708984375
v -1662.5067138671875 1800 -4682.76708984375
v -1662.5067138671875 0 -4682.76708984375
v -1662.5067138671875 2000 -4682.76708984375
v -392.14849853515625 0 -4682.76708984375
v -392.14849853515625 2000 -4682.76708984375
v -1662.5067138671875 1800 -4682.76708984375
v -1662.5067138671875 1600 -4682.76708984375
v -1662.5067138671875 1400 -4682.76708984375
v -1662.5067138671875 1200 -4682.76708984375
v -1662.5067138671875 1000 -4682.76708984375
v -1662.5067138671875 800 -4682.76708984375
v -1662.5067138671875 600 -4682.76708984375
v -1662.5067138671875 400 -4682.76708984375
v -1662.5067138671875 200 -4682.76708984375
v -392.14849853515625 1000 -4682.76708984375
v -1027.32763671875 1000 -4682.76708984375
v -1027.32763671875 1500 -4682.76708984375
v -1344.9171142578125 1000 -4682.76708984375
v -1344.9171142578125 1500 -4682.76708984375
v -1027.32763671875 500 -4682.76708984375
v -1344.9171142578125 500 -4682.76708984375
v -1481.0269775390625 0 -4682.76708984375
v -1299.5472412109375 0 -4682.76708984375
v -1118.0675048828125 0 -4682.76708984375
v -936.58770751953125 0 -4682.76708984375
v -755.10797119140625 0 -4682.76708984375
v -573.62823486328125 0 -4682.76708984375
v -709.738037109375 1000 -4682.76708984375
v -709.738037109375 500 -4682.76708984375
v -392.14849853515625 200 -4682.76708984375
v -392.14849853515625 400 -4682.76708984375
v -392.14849853515625 600 -4682.76708984375
v -392.14849853515625 800 -4682.76708984375
v -392.14849853515625 1200 -4682.76708984375
v -392.14849853515625 1400 -4682.76708984375
v -392.14849853515625 1600 -4682.76708984375
v -392.14849853515625 1800 -4682.76708984375
v -709.738037109375 1500 -4682.76708984375
v -573.62823486328125 2000 -4682.76708984375
v -755.10797119140625 2000 -4682.76708984375
v -936.58770751953125 2000 -4682.76708984375
v -1118.0675048828125 2000 -4682.76708984375
v -1299.5472412109375 2000 -4682.76708984375
v -1481.0269775390625 2000 -4682.76708984375
v -392.14849853515625 0 -4682.76708984375
v -392.14849853515625 2000 -4682.76708984375
v -392.14849853515625 0 -4732.76708984375
v -392.14849853515625 2000 -4732.76708984375
v -392.14849853515625 200 -4732.76708984375
v -392.14849853515625 400 -4732.76708984375
v -392.14849853515625 600 -4732.76708984375
v -392.14849853515625 800 -4732.76708984375
v -392.14849853515625 1000 -4732.76708984375
v -392.14849853515625 1200 -4732.76708984375
v -392.14849853515625 1400 -4732.76708984375
v -392.14849853515625 1600 -4732.76708984375
v -392.14849853515625 1800 -4732.76708984375
v -392.14849853515625 1800 -4682.76708984375
v -392.14849853515625 1600 -4682.76708984375
v -392.14849853515625 1400 -4682.76708984375
v -392.14849853515625 1200 -4682.76708984375
v -392.14849853515625 1000 -4682.76708984375
v -392.14849853515625 800 -4682.76708984375
v -392.14849853515625 600 -4682.76708984375
v -392.14849853515625 400 -4682.76708984375
v -392.14849853515625 200 -4682.76708984375
v -392.14849853515625 0 -4732.76708984375
v -392.14849853515625 0 -4682.76708984375
v -1662.5067138671875 0 -4732.76708984375
v -1662.5067138671875 0 -4682.76708984375
v -573.62823486328125 0 -4732.76708984375
v -755.10797119140625 0 -4732.76708984375
v -936.58770751953125 0 -4732.76708984375
v -1118.0675048828125 0 -4732.76708984375
v -1299.5472412109375 0 -4732.76708984375
v -1481.0269775390625 0 -4732.76708984375
v -1481.0269775390625 0 -4682.76708984375
v -1299.5472412109375 0 -4682.76708984375
v -1118.0675048828125 0 -4682.76708984375
v -936.58770751953125 0 -4682.76708984375
v -755.10797119140625 0 -4682.76708984375
v -573.62823486328125 0 -4682.76708984375
v -392.14849853515625 2000 -4732.76708984375
v -392.14849853515625 2000 -4682.76708984375
v -1662.5067138671875 2000 -4732.76708984375
v -1662.5067138671875 2000 -4682.76708984375
v -573.62823486328125 2000 -4732.76708984375
v -755.10797119140625 2000 -4732.76708984375
v -936.58770751953125 2000 -4732.76708984375
v -1118.0675048828125 2000 -4732.76708984375
v -1299.5472412109375 2000 -4732.76708984375
v -1481.0269775390625 2000 -4732.76708984375
v -1481.0269775390625 2000 -4682.76708984375
v -1299.5472412109375 2000 -4682.76708984375
v -1118.0675048828125 2000 -4682.76708984375
v -936.58770751953125 2000 -4682.76708984375
v -755.10797119140625 2000 -4682.76708984375
v -573.62823486328125 2000 -4682.76708984375
vt 0.86443263292312622 0.5
vt 0.078717954456806183 0.5
vt 0.86443263292312622 0.99853515625
vt 0.078717954456806183 0.99853515625
vt 0.86443263292312622 0.57121932506561279
vt 0.86443263292312622 0.64243865013122559
vt 0.86443263292312622 0.7136579155921936
vt 0.86443263292312622 0.7848772406578064
vt 0.86443263292312622 0.85609656572341919
vt 0.86443263292312622 0.92731583118438721
vt 0.47157531976699829 0.99853515625
vt 0.47157531976699829 0.5
vt 0.47157531976699829 0.749267578125
vt 0.66800397634506226 0.749267578125
vt 0.47157531976699829 0.6246337890625
vt 0.66800397634506226 0.6246337890625
vt 0.47157531976699829 0.8739013671875
vt 0.66800397634506226 0.8739013671875
vt 0.78586119413375854 0.99853515625
vt 0.70728969573974609 0.99853515625
vt 0.62871825695037842 0.99853515625
vt 0.55014675855636597 0.99853515625
vt 0.39300382137298584 0.99853515625
vt 0.31443238258361816 0.99853515625
vt 0.23586088418960571 0.99853515625
vt 0.15728944540023804 0.99853515625
vt 0.27514663338661194 0.749267578125
vt 0.27514663338661194 0.8739013671875
vt 0.078717954456806183 0.92731583118438721
vt 0.078717954456806183 0.85609656572341919
vt 0.078717954456806183 0.7848772406578064
vt 0.078717954456806183 0.7136579155921936
vt 0.078717954456806183 0.64243865013122559
vt 0.078717954456806183 0.57121932506561279
vt 0.27514663338661194 0.6246337890625
vt 0.15728944540023804 0.5
vt 0.23586088418960571 0.5
vt 0.31443238258361816 0.5
vt 0.39300382137298584 0.5
vt 0.55014675855636597 0.5
vt 0.62871825695037842 0.5
vt 0.70728969573974609 0.5
vt 0.78586119413375854 0.5
vt 0.059038467705249786 0
vt 0.059038467705249786 0.78717952966690063
vt 0.077253110706806183 0
vt 0.077253110706806183 0.78717952966690063
vt 0.059038467705249786 0.70846158266067505
vt 0.059038467705249786 0.62974363565444946
vt 0.059038467705249786 0.55102568864822388
vt 0.059038467705249786 0.47230774164199829
vt 0.059038467705249786 0.39358976483345032
vt 0.059038467705249786 0.31487181782722473
vt 0.059038467705249786 0.23615387082099915
vt 0.059038467705249786 0.15743590891361237
vt 0.059038467705249786 0.078717954456806183
vt 0.077253110706806183 0.078717954456806183
vt 0.077253110706806183 0.15743590891361237
vt 0.077253110706806183 0.23615387082099915
vt 0.077253110706806183 0.31487181782722473
vt 0.077253110706806183 0.39358976483345032
vt 0.077253110706806183 0.47230774164199829
vt 0.077253110706806183 0.55102568864822388
vt 0.077253110706806183 0.62974363565444946
vt 0.077253110706806183 0.70846158266067505
vt 0.86443263292312622 0
vt 0.078717954456806183 0
vt 0.86443263292312622 0.49853515625
vt 0.078717954456806183 0.49853515625
vt 0.15728944540023804 0
vt 0.23586088418960571 0
vt 0.31443238258361816 0
vt 0.39300382137298584 0
vt 0.47157531976699829 0
vt 0.55014675855636597 0
vt 0.62871825695037842 0
vt 0.70728969573974609 0
vt 0.78586119413375854 0
vt 0.47157531976699829 0.49853515625
vt 0.47157531976699829 0.249267578125
vt 0.27514663338661194 0.249267578125
vt 0.47157531976699829 0.1246337890625
vt 0.27514663338661194 0.1246337890625
vt 0.66800397634506226 0.249267578125
vt 0.66800397634506226 0.1246337890625
vt 0.86443263292312622 0.071219310164451599
vt 0.86443263292312622 0.1424386203289032
vt 0.86443263292312622 0.2136579304933548
vt 0.86443263292312622 0.2848772406578064
vt 0.86443263292312622 0.3560965359210968
vt 0.86443263292312622 0.42731586098670959
vt 0.47157531976699829 0.3739013671875
vt 0.66800397634506226 0.3739013671875
vt 0.78586119413375854 0.49853515625
vt 0.70728969573974609 0.49853515625
vt 0.62871825695037842 0.49853515625
vt 0.55014675855636597 0.49853515625
vt 0.39300382137298584 0.49853515625
vt 0.31443238258361816 0.49853515625
vt 0.23586088418960571 0.49853515625
vt 0.15728944540023804 0.49853515625
vt 0.27514663338661194 0.3739013671875
vt 0.078717954456806183 0.42731586098670959
vt 0.078717954456806183 0.3560965359210968
vt 0.078717954456806183 0.2848772406578064
vt 0.078717954456806183 0.2136579304933548
vt 0.078717954456806183 0.1424386203289032
vt 0.078717954456806183 0.071219310164451599
vt 0.039358977228403091 0
vt 0.039358977228403091 0.78717952966690063
vt 0.057573623955249786 0
vt 0.057573623955249786 0.78717952966690063
vt 0.057573623955249786 0.078717954456806183
vt 0.057573623955249786 0.15743590891361237
vt 0.057573623955249786 0.23615387082099915
vt 0.057573623955249786 0.31487181782722473
vt 0.057573623955249786 0.39358976483345032
vt 0.057573623955249786 0.47230774164199829
vt 0.057573623955249786 0.55102568864822388
vt 0.057573623955249786 0.62974363565444946
vt 0.057573623955249786 0.70846158266067505
vt 0.039358977228403091 0.70846158266067505
vt 0.039358977228403091 0.62974363565444946
vt 0.039358977228403091 0.55102568864822388
vt 0.039358977228403091 0.47230774164199829
vt 0.039358977228403091 0.39358976483345032
vt 0.039358977228403091 0.31487181782722473
vt 0.039358977228403091 0.23615387082099915
vt 0.039358977228403091 0.15743590891361237
vt 0.039358977228403091 0.078717954456806183
vt 0.037894133478403091 0
vt 0.019679488614201546 0
vt 0.037894133478403091 0.5
vt 0.019679488614201546 0.5
vt 0.037894133478403091 0.071428574621677399
vt 0.037894133478403091 0.1428571492433548
vt 0.037894133478403091 0.2142857164144516
vt 0.037894133478403091 0.28571429848670959
vt 0.037894133478403091 0.3571428656578064
vt 0.037894133478403091 0.4285714328289032
vt 0.019679488614201546 0.4285714328289032
vt 0.019679488614201546 0.3571428656578064
vt 0.019679488614201546 0.28571429848670959
vt 0.019679488614201546 0.2142857164144516
vt 0.019679488614201546 0.1428571492433548
vt 0.019679488614201546 0.071428574621677399
vt 0.018214644864201546 0
vt 0 0
vt 0.018214644864201546 0.5
vt 0 0.5
vt 0.018214644864201546 0.071428574621677399
vt 0.018214644864201546 0.1428571492433548
vt 0.018214644864201546 0.2142857164144516
vt 0.018214644864201546 0.28571429848670959
vt 0.018214644864201546 0.3571428656578064
vt 0.018214644864201546 0.4285714328289032
vt 0 0.4285714328289032
vt 0 0.3571428656578064
vt 0 0.28571429848670959
vt 0 0.2142857164144516
vt 0 0.1428571492433548
vt 0 0.071428574621677399
vn 0 0 -1
vn 0 0 -1
vn 0 0 -1
vn 0 0 -1
vn 0 0 -1
vn 0 0 -1
vn 0 0 -1
vn 0 0 -1
vn 0 0 -1
vn 0 0 -1
vn 0 0 -1
vn 0 0 -1
vn 0 0 -1
vn 0 0 -1
vn 0 0 -1
vn 0 0 -1
vn 0 0 -1
vn 0 0 -1
vn 0 0 -1
vn 0 0 -1
vn 0 0 -1
vn 0 0 -1
vn 0 0 -1
vn 0 0 -1
vn 0 0 -1
vn 0 0 -1
vn 0 0 -1
vn 0 0 -1
vn 0 0 -1
vn 0 0 -1
vn 0 0 -1
vn 0 0 -1
vn 0 0 -1
vn 0 0 -1
vn 0 0 -1
vn 0 0 -1
vn 0 0 -1
vn 0 0 -1
vn 0 0 -1
vn 0 0 -1
vn 0 0 -1
vn 0 0 -1
vn 0 0 -1
vn -1 0 0
vn -1 0 0
vn -1 0 0
vn -1 0 0
vn -1 0 0
vn -1 0 0
vn -1 0 0
vn -1 0 0
vn -1 0 0
vn -1 0 0
vn -1 0 0
vn -1 0 0
vn -1 0 0
vn -1 0 0
vn -1 0 0
vn -1 0 0
vn -1 0 0
vn -1 0 0
vn -1 0 0
vn -1 0 0
vn -1 0 0
vn -1 0 0
vn 0 0 1
vn 0 0 1
vn 0 0 1
vn 0 0 1
vn 0 0 1
vn 0 0 1
vn 0 0 1
vn 0 0 1
vn 0 0 1
vn 0 0 1
vn 0 0 1
vn 0 0 1
vn 0 0 1
vn 0 0 1
vn 0 0 1
vn 0 0 1
vn 0 0 1
vn 0 0 1
vn 0 0 1
vn 0 0 1
vn 0 0 1
vn 0 0 1
vn 0 0 1
vn 0 0 1
vn 0 0 1
vn 0 0 1
vn 0 0 1
vn 0 0 1
vn 0 0 1
vn 0 0 1
vn 0 0 1
vn 0 0 1
vn 0 0 1
vn 0 0 1
vn 0 0 1
vn 0 0 1
vn 0 0 1
vn 0 0 1
vn 0 0 1
vn 0 0 1
vn 0 0 1
vn 0 0 1
vn 0 0 1
vn 1 0 0
vn 1 0 0
vn 1 0 0
vn 1 0 0
vn 1 0 0
vn 1 0 0
vn 1 0 0
vn 1 0 0
vn 1 0 0
vn 1 0 0
vn 1 0 0
vn 1 0 0
vn 1 0 0
vn 1 0 0
vn 1 0 0
vn 1 0 0
vn 1 0 0
vn 1 0 0
vn 1 0 0
vn 1 0 0
vn 1 0 0
vn 1 0 0
vn 0 -1 0
vn 0 -1 0
vn 0 -1 0
vn 0 -1 0
vn 0 -1 0
vn 0 -1 0
vn 0 -1 0
vn 0 -1 0
vn 0 -1 0
vn 0 -1 0
vn 0 -1 0
vn 0 -1 0
vn 0 -1 0
vn 0 -1 0
vn 0 -1 0
vn 0 -1 0
vn 0 1 0
vn 0 1 0
vn 0 1 0
vn 0 1 0
vn 0 1 0
vn 0 1 0
vn 0 1 0
vn 0 1 0
vn 0 1 0
vn 0 1 0
vn 0 1 0
vn 0 1 0
vn 0 1 0
vn 0 1 0
vn 0 1 0
vn 0 1 0
f 482/482/482 481/481/481 467/467/467 471/471/471
f 481/481/481 489/489/489 469/469/469 467/467/467
f 467/467/467 469/469/469 470/470/470 468/468/468
f 471/471/471 467/467/467 468/468/468 472/472/472
f 459/459/459 497/497/497 455/455/455
f 470/470/470 495/495/495 496/496/496
f 470/470/470 494/494/494 495/495/495
f 496/496/496 497/497/497 470/470/470
f 470/470/470 459/459/459 460/460/460
f 468/468/468 470/470/470 460/460/460 461/461/461
f 462/462/462 468/468/468 461/461/461
f 469/469/469 494/494/494 470/470/470
f 497/497/497 459/459/459 470/470/470
f 469/469/469 493/493/493 466/466/466
f 489/489/489 491/491/491 492/492/492
f 489/489/489 490/490/490 491/491/491
f 492/492/492 493/493/493 489/489/489
f 490/490/490 489/489/489 488/488/488
f 469/469/469 489/489/489 493/493/493
f 456/456/456 490/490/490 488/488/488
f 489/489/489 487/487/487 488/488/488
f 489/489/489 486/486/486 487/487/487
f 486/486/486 489/489/489 481/481/481
f 469/469/469 466/466/466 494/494/494
f 462/462/462 463/463/463 472/472/472 468/468/468
f 471/471/471 472/472/472 475/475/475 476/476/476
f 463/463/463 464/464/464 472/472/472
f 464/464/464 473/473/473 472/472/472
f 464/464/464 457/457/457 473/473/473
f 472/472/472 474/474/474 475/475/475
f 472/472/472 473/473/473 474/474/474
f 465/465/465 471/471/471 476/476/476
f 481/481/481 482/482/482 484/484/484 485/485/485
f 482/482/482 483/483/483 484/484/484
f 483/483/483 482/482/482 480/480/480
f 486/486/486 481/481/481 485/485/485
f 482/482/482 471/471/471 477/477/477 478/478/478
f 482/482/482 479/479/479 480/480/480
f 483/483/483 480/480/480 458/458/458
f 482/482/482 478/478/478 479/479/479
f 471/471/471 465/465/465 477/477/477
f 510/510/510 498/498/498 500/500/500 511/511/511
f 508/508/508 509/509/509 512/512/512 513/513/513
f 507/507/507 508/508/508 513/513/513 514/514/514
f 509/509/509 510/510/510 511/511/511 512/512/512
f 505/505/505 506/506/506 515/515/515 516/516/516
f 504/504/504 505/505/505 516/516/516 517/517/517
f 502/502/502 503/503/503 518/518/518 519/519/519
f 499/499/499 502/502/502 519/519/519 501/501/501
f 503/503/503 504/504/504 517/517/517 518/518/518
f 506/506/506 507/507/507 514/514/514 515/515/515
f 556/556/556 535/535/535 534/534/534 546/546/546
f 535/535/535 537/537/537 536/536/536 534/534/534
f 534/534/534 536/536/536 539/539/539 538/538/538
f 546/546/546 534/534/534 538/538/538 547/547/547
f 540/540/540 532/532/532 520/520/520
f 539/539/539 530/530/530 531/531/531
f 539/539/539 529/529/529 530/530/530
f 531/531/531 532/532/532 539/539/539
f 539/539/539 540/540/540 541/541/541
f 538/538/538 539/539/539 541/541/541 542/542/542
f 543/543/543 538/538/538 542/542/542
f 536/536/536 529/529/529 539/539/539
f 532/532/532 540/540/540 539/539/539
f 536/536/536 527/527/527 528/528/528
f 537/537/537 525/525/525 526/526/526
f 537/537/537 524/524/524 525/525/525
f 526/526/526 527/527/527 537/537/537
f 524/524/524 537/537/537 562/562/562
f 536/536/536 537/537/537 527/527/527
f 521/521/521 524/524/524 562/562/562
f 537/537/537 561/561/561 562/562/562
f 537/537/537 560/560/560 561/561/561
f 560/560/560 537/537/537 535/535/535
f 536/536/536 528/528/528 529/529/529
f 543/543/543 544/544/544 547/547/547 538/538/538
f 546/546/546 547/547/547 550/550/550 551/551/551
f 544/544/544 545/545/545 547/547/547
f 545/545/545 548/548/548 547/547/547
f 545/545/545 522/522/522 548/548/548
f 547/547/547 549/549/549 550/550/550
f 547/547/547 548/548/548 549/549/549
f 533/533/533 546/546/546 551/551/551
f 535/535/535 556/556/556 558/558/558 559/559/559
f 556/556/556 557/557/557 558/558/558
f 557/557/557 556/556/556 555/555/555
f 560/560/560 535/535/535 559/559/559
f 556/556/556 546/546/546 552/552/552 553/553/553
f 556/556/556 554/554/554 555/555/555
f 557/557/557 555/555/555 523/523/523
f 556/556/556 553/553/553 554/554/554
f 546/546/546 533/533/533 552/552/552
f 584/584/584 563/563/563 565/565/565 567/567/567
f 582/582/582 583/583/583 568/568/568 569/569/569
f 581/581/581 582/582/582 569/569/569 570/570/570
f 583/583/583 584/584/584 567/567/567 568/568/568
f 579/579/579 580/580/580 571/571/571 572/572/572
f 578/578/578 579/579/579 572/572/572 573/573/573
f 576/576/576 577/577/577 574/574/574 575/575/575
f 564/564/564 576/576/576 575/575/575 566/566/566
f 577/577/577 578/578/578 573/573/573 574/574/574
f 580/580/580 581/581/581 570/570/570 571/571/571
f 585/585/585 586/586/586 600/600/600 589/589/589
f 590/590/590 599/599/599 598/598/598 591/591/591
f 589/589/589 600/600/600 599/599/599 590/590/590
f 591/591/591 598/598/598 597/597/597 592/592/592
f 592/592/592 597/597/597 596/596/596 593/593/593
f 594/594/594 595/595/595 588/588/588 587/587/587
f 593/593/593 596/596/596 595/595/595 594/594/594
f 601/601/601 605/605/605 616/616/616 602/602/602
f 606/606/606 607/607/607 614/614/614 615/615/615
f 605/605/605 606/606/606 615/615/615 616/616/616
f 607/607/607 608/608/608 613/613/613 614/614/614
f 608/608/608 609/609/609 612/612/612 613/613/613
f 610/610/610 603/603/603 604/604/604 611/611/611
f 609/609/609 610/610/610 611/611/611 612/612/612
usemtl diffuse_0_0_0_255
v -2753.314208984375 0 -2363.266357421875
v -2753.314208984375 2000 -2363.266357421875
v -2753.314208984375 0 -1681.020263671875
v -2753.314208984375 2000 -1681.020263671875
v -2753.314208984375 0 -1681.020263671875
v -2753.314208984375 2000 -1681.020263671875
v -1549.079833984375 0 -1681.020263671875
v -1549.079833984375 2000 -1681.020263671875
v -1549.079833984375 0 -1681.020263671875
v -1549.079833984375 2000 -1681.020263671875
v -1549.079833984375 0 -2363.266357421875
v -1549.079833984375 2000 -2363.266357421875
v -1549.079833984375 0 -2363.266357421875
v -1549.079833984375 2000 -2363.266357421875
v -2753.314208984375 0 -2363.266357421875
v -2753.314208984375 2000 -2363.266357421875
v -2753.314208984375 0 -2363.266357421875
v -2753.314208984375 0 -1681.020263671875
v -1549.079833984375 0 -1681.020263671875
v -1549.079833984375 0 -2363.266357421875
v -2753.314208984375 2000 -2363.266357421875
v -2753.314208984375 2000 -1681.020263671875
v -1549.079833984375 2000 -1681.020263671875
v -1549.079833984375 2000 -2363.266357421875
vt 0 0
vt 0 0.79722106456756592
vt 0.15919803082942963 0
vt 0.15919803082942963 0.79722106456756592
vt 0.15919803082942963 0
vt 0.15919803082942963 0.79722106456756592
vt 0.5 0
vt 0.5 0.79722106456756592
vt 0.5 0
vt 0.5 0.79722106456756592
vt 0.65919804573059082 0
vt 0.65919804573059082 0.79722106456756592
vt 0.65919804573059082 0
vt 0.65919804573059082 0.79722106456756592
vt 1 0
vt 1 0.79722106456756592
vt 0.31917491555213928 1
vt 0.31917491555213928 0.797221839427948
vt 0 0.797221839427948
vt 0 1
vt 1 0.797221839427948
vt 1 1
vt 0.68082511425018311 1
vt 0.68082511425018311 0.797221839427948
vn -1 0 0
vn -1 0 0
vn -1 0 0
vn -1 0 0
vn 0 0 1
vn 0 0 1
vn 0 0 1
vn 0 0 1
vn 1 0 0
vn 1 0 0
vn 1 0 0
vn 1 0 0
vn 0 0 -1
vn 0 0 -1
vn 0 0 -1
vn 0 0 -1
vn 0 -1 0
vn 0 -1 0
vn 0 -1 0
vn 0 -1 0
vn 0 1 0
vn 0 1 0
vn 0 1 0
vn 0 1 0
f 617/617/617 619/619/619 620/620/620 618/618/618
f 621/621/621 623/623/623 624/624/624 622/622/622
f 625/625/625 627/627/627 628/628/628 626/626/626
f 629/629/629 631/631/631 632/632/632 630/630/630
f 634/634/634 633/633/633 636/636/636
f 636/636/636 635/635/635 634/634/634
f 638/638/638 640/640/640 637/637/637
f 640/640/640 638/638/638 639/639/639
usemtl Custom
v 2846.9375 -2.9031525627942756E-08 -3968.28955078125
v 2846.9375 2000 -3968.28955078125
v 3846.9375 -2.9031525627942756E-08 -3968.28955078125
v 3846.9375 2000 -3968.28955078125
v 3846.9375 -2.9031525627942756E-08 -3968.28955078125
v 3846.9375 2000 -3968.28955078125
v 3846.9375 -2.9031525627942756E-08 -4048.28955078125
v 3846.9375 2000 -4048.28955078125
v 3846.9375 -2.9031525627942756E-08 -4048.28955078125
v 3846.9375 2000 -4048.28955078125
v 2846.9375 -2.9031525627942756E-08 -4048.28955078125
v 2846.9375 2000 -4048.28955078125
v 2846.9375 -2.9031525627942756E-08 -4048.28955078125
v 2846.9375 2000 -4048.28955078125
v 2846.9375 -2.9031525627942756E-08 -3968.28955078125
v 2846.9375 2000 -3968.28955078125
v 2846.9375 -2.9031525627942756E-08 -3968.28955078125
v 3846.9375 -2.9031525627942756E-08 -3968.28955078125
v 3846.9375 -2.9031525627942756E-08 -4048.28955078125
v 2846.9375 -2.9031525627942756E-08 -4048.28955078125
v 2846.9375 2000 -3968.28955078125
v 3846.9375 2000 -3968.28955078125
v 3846.9375 2000 -4048.28955078125
v 2846.9375 2000 -4048.28955078125
vt 0 0
vt 0 0.96296203136444092
vt 0.46296295523643494 0
vt 0.46296295523643494 0.96296203136444092
vt 0.46296295523643494 0
vt 0.46296295523643494 0.96296203136444092
vt 0.5 0
vt 0.5 0.96296203136444092
vt 0.5 0
vt 0.5 0.96296203136444092
vt 0.96296298503875732 0
vt 0.96296298503875732 0.96296203136444092
vt 0.96296298503875732 0
vt 0.96296298503875732 0.96296203136444092
vt 1 0
vt 1 0.96296203136444092
vt 0 1
vt 0.46296295523643494 1
vt 0.46296295523643494 0.96296298503875732
vt 0 0.96296298503875732
vt 0.53703701496124268 0.96296298503875732
vt 1 0.96296298503875732
vt 1 1
vt 0.53703701496124268 1
vn 0 0 1
vn 0 0 1
vn 0 0 1
vn 0 0 1
vn 1 0 0
vn 1 0 0
vn 1 0 0
vn 1 0 0
vn 0 0 -1
vn 0 0 -1
vn 0 0 -1
vn 0 0 -1
vn -1 0 0
vn -1 0 0
vn -1 0 0
vn -1 0 0
vn 0 -1 0
vn 0 -1 0
vn 0 -1 0
vn 0 -1 0
vn 0 1 0
vn 0 1 0
vn 0 1 0
vn 0 1 0
f 641/641/641 643/643/643 644/644/644 642/642/642
f 645/645/645 647/647/647 648/648/648 646/646/646
f 649/649/649 651/651/651 652/652/652 650/650/650
f 653/653/653 655/655/655 656/656/656 654/654/654
f 658/658/658 657/657/657 660/660/660
f 660/660/660 659/659/659 658/658/658
f 662/662/662 664/664/664 661/661/661
f 664/664/664 662/662/662 663/663/663
usemtl diffuse_0_0_0_255
v 4047.632568359375 -2.9032435122644529E-08 -3004.03271484375
v 4047.632568359375 2000 -3004.03271484375
v 4047.632568359375 -2.9032435122644529E-08 -6596.8720703125
v 4047.632568359375 2000 -6596.8720703125
v 4047.632568359375 -2.9032435122644529E-08 -3902.24267578125
v 4047.632568359375 -2.9032435122644529E-08 -4800.45263671875
v 4047.632568359375 -2.9032435122644529E-08 -5698.662109375
v 4047.632568359375 666.66668701171875 -6596.8720703125
v 4047.632568359375 1333.3333740234375 -6596.8720703125
v 4047.632568359375 2000 -5698.662109375
v 4047.632568359375 2000 -4800.45263671875
v 4047.632568359375 2000 -3902.24267578125
v 4047.632568359375 1333.3333740234375 -3004.03271484375
v 4047.632568359375 666.66668701171875 -3004.03271484375
v 4047.632568359375 -2.9032435122644529E-08 -6596.8720703125
v 4047.632568359375 2000 -6596.8720703125
v 3847.632568359375 -2.9032435122644529E-08 -6596.8720703125
v 3847.632568359375 2000 -6596.8720703125
v 4047.632568359375 1333.3333740234375 -6596.8720703125
v 4047.632568359375 666.66668701171875 -6596.8720703125
v 3847.632568359375 666.66668701171875 -6596.8720703125
v 3847.632568359375 1333.3333740234375 -6596.8720703125
v 3847.632568359375 -2.9032435122644529E-08 -6596.8720703125
v 3847.632568359375 2000 -6596.8720703125
v 3847.632568359375 -2.9032435122644529E-08 -3004.03271484375
v 3847.632568359375 2000 -3004.03271484375
v 3847.632568359375 1333.3333740234375 -6596.8720703125
v 3847.632568359375 666.66668701171875 -6596.8720703125
v 3847.632568359375 2000 -4800.45263671875
v 3847.632568359375 -2.9032435122644529E-08 -4800.45263671875
v 3847.632568359375 -2.9032435122644529E-08 -5698.662109375
v 3847.632568359375 -2.9032435122644529E-08 -3902.24267578125
v 3847.632568359375 666.66668701171875 -3004.03271484375
v 3847.632568359375 1333.3333740234375 -3004.03271484375
v 3847.632568359375 2000 -3902.24267578125
v 3847.632568359375 2000 -5698.662109375
v 3847.632568359375 -2.9032435122644529E-08 -3004.03271484375
v 3847.632568359375 2000 -3004.03271484375
v 4047.632568359375 -2.9032435122644529E-08 -3004.03271484375
v 4047.632568359375 2000 -3004.03271484375
v 4047.632568359375 666.66668701171875 -3004.03271484375
v 4047.632568359375 1333.3333740234375 -3004.03271484375
v 3847.632568359375 1333.3333740234375 -3004.03271484375
v 3847.632568359375 666.66668701171875 -3004.03271484375
v 4047.632568359375 -2.9032435122644529E-08 -3004.03271484375
v 3847.632568359375 -2.9032435122644529E-08 -3004.03271484375
v 4047.632568359375 -2.9032435122644529E-08 -6596.8720703125
v 3847.632568359375 -2.9032435122644529E-08 -6596.8720703125
v 4047.632568359375 -2.9032435122644529E-08 -3902.24267578125
v 4047.632568359375 -2.9032435122644529E-08 -4800.45263671875
v 4047.632568359375 -2.9032435122644529E-08 -5698.662109375
v 3847.632568359375 -2.9032435122644529E-08 -5698.662109375
v 3847.632568359375 -2.9032435122644529E-08 -4800.45263671875
v 3847.632568359375 -2.9032435122644529E-08 -3902.24267578125
v 4047.632568359375 2000 -3004.03271484375
v 3847.632568359375 2000 -3004.03271484375
v 4047.632568359375 2000 -6596.8720703125
v 3847.632568359375 2000 -6596.8720703125
v 4047.632568359375 2000 -3902.24267578125
v 4047.632568359375 2000 -4800.45263671875
v 4047.632568359375 2000 -5698.662109375
v 3847.632568359375 2000 -5698.662109375
v 3847.632568359375 2000 -4800.45263671875
v 3847.632568359375 2000 -3902.24267578125
vt 0.18211455643177032 0.45528638362884521
vt 0.18211455643177032 0.90910792350769043
vt 0.99853515625 0.45528638362884521
vt 0.99853515625 0.90910792350769043
vt 0.38621971011161804 0.45528638362884521
vt 0.59032487869262695 0.45528638362884521
vt 0.79443001747131348 0.45528638362884521
vt 0.99853515625 0.60656023025512695
vt 0.99853515625 0.75783407688140869
vt 0.79443001747131348 0.90910792350769043
vt 0.59032487869262695 0.90910792350769043
vt 0.38621971011161804 0.90910792350769043
vt 0.18211455643177032 0.75783407688140869
vt 0.18211455643177032 0.60656023025512695
vt 0.045528639107942581 0
vt 0.045528639107942581 0.45528638362884521
vt 0.089592434465885162 0
vt 0.089592434465885162 0.45528638362884521
vt 0.045528639107942581 0.30352425575256348
vt 0.045528639107942581 0.15176212787628174
vt 0.089592434465885162 0.15176212787628174
vt 0.089592434465885162 0.30352425575256348
vt 0.18211455643177032 0
vt 0.18211455643177032 0.45382153987884521
vt 0.99853515625 0
vt 0.99853515625 0.45382153987884521
vt 0.18211455643177032 0.30254769325256348
vt 0.18211455643177032 0.15127384662628174
vt 0.59032487869262695 0.45382153987884521
vt 0.59032487869262695 0
vt 0.38621971011161804 0
vt 0.79443001747131348 0
vt 0.99853515625 0.15127384662628174
vt 0.99853515625 0.30254769325256348
vt 0.79443001747131348 0.45382153987884521
vt 0.38621971011161804 0.45382153987884521
vt 0 0
vt 0 0.45528638362884521
vt 0.044063795357942581 0
vt 0.044063795357942581 0.45528638362884521
vt 0.044063795357942581 0.15176212787628174
vt 0.044063795357942581 0.30352425575256348
vt 0 0.30352425575256348
vt 0 0.15176212787628174
vt 0.18064971268177032 0
vt 0.13658590614795685 0
vt 0.18064971268177032 0.81788545846939087
vt 0.13658590614795685 0.81788545846939087
vt 0.18064971268177032 0.20447136461734772
vt 0.18064971268177032 0.40894272923469543
vt 0.18064971268177032 0.61341410875320435
vt 0.13658590614795685 0.61341410875320435
vt 0.13658590614795685 0.40894272923469543
vt 0.13658590614795685 0.20447136461734772
vt 0.13512106239795685 0
vt 0.091057278215885162 0
vt 0.13512106239795685 0.81788545846939087
vt 0.091057278215885162 0.81788545846939087
vt 0.13512106239795685 0.20447136461734772
vt 0.13512106239795685 0.40894272923469543
vt 0.13512106239795685 0.61341410875320435
vt 0.091057278215885162 0.61341410875320435
vt 0.091057278215885162 0.40894272923469543
vt 0.091057278215885162 0.20447136461734772
vn 1 0 0
vn 1 0 0
vn 1 0 0
vn 1 0 0
vn 1 0 0
vn 1 0 0
vn 1 0 0
vn 1 0 0
vn 1 0 0
vn 1 0 0
vn 1 0 0
vn 1 0 0
vn 1 0 0
vn 1 0 0
vn 0 0 -1
vn 0 0 -1
vn 0 0 -1
vn 0 0 -1
vn 0 0 -1
vn 0 0 -1
vn 0 0 -1
vn 0 0 -1
vn -1 0 0
vn -1 0 0
vn -1 0 0
vn -1 0 0
vn -1 0 0
vn -1 0 0
vn -1 0 0
vn -1 0 0
vn -1 0 0
vn -1 0 0
vn -1 0 0
vn -1 0 0
vn -1 0 0
vn -1 0 0
vn 0 0 1
vn 0 0 1
vn 0 0 1
vn 0 0 1
vn 0 0 1
vn 0 0 1
vn 0 0 1
vn 0 0 1
vn 0 -1 0
vn 0 -1 0
vn 0 -1 0
vn 0 -1 0
vn 0 -1 0
vn 0 -1 0
vn 0 -1 0
vn 0 -1 0
vn 0 -1 0
vn 0 -1 0
vn 0 1 0
vn 0 1 0
vn 0 1 0
vn 0 1 0
vn 0 1 0
vn 0 1 0
vn 0 1 0
vn 0 1 0
vn 0 1 0
vn 0 1 0
f 678/678/678 665/665/665 669/669/669
f 678/678/678 669/669/669 670/670/670
f 677/677/677 678/678/678 670/670/670
f 677/677/677 676/676/676 666/666/666
f 676/676/676 677/677/677 675/675/675
f 675/675/675 677/677/677 670/670/670
f 672/672/672 671/671/671 667/667/667
f 672/672/672 673/673/673 670/670/670
f 673/673/673 674/674/674 675/675/675
f 674/674/674 673/673/673 668/668/668
f 675/675/675 670/670/670 673/673/673
f 671/671/671 672/672/672 670/670/670
f 684/684/684 679/679/679 681/681/681 685/685/685
f 680/680/680 683/683/683 686/686/686 682/682/682
f 683/683/683 684/684/684 685/685/685 686/686/686
f 692/692/692 687/687/687 695/695/695
f 692/692/692 695/695/695 694/694/694
f 691/691/691 692/692/692 694/694/694
f 691/691/691 700/700/700 688/688/688
f 700/700/700 691/691/691 693/693/693
f 693/693/693 691/691/691 694/694/694
f 697/697/697 696/696/696 689/689/689
f 697/697/697 698/698/698 694/694/694
f 698/698/698 699/699/699 693/693/693
f 699/699/699 698/698/698 690/690/690
f 693/693/693 694/694/694 698/698/698
f 696/696/696 697/697/697 694/694/694
f 708/708/708 701/701/701 703/703/703 705/705/705
f 702/702/702 707/707/707 706/706/706 704/704/704
f 707/707/707 708/708/708 705/705/705 706/706/706
f 709/709/709 710/710/710 718/718/718 713/713/713
f 717/717/717 714/714/714 713/713/713 718/718/718
f 714/714/714 717/717/717 716/716/716 715/715/715
f 712/712/712 711/711/711 715/715/715 716/716/716
f 719/719/719 723/723/723 728/728/728 720/720/720
f 727/727/727 728/728/728 723/723/723 724/724/724
f 724/724/724 725/725/725 726/726/726 727/727/727
f 722/722/722 726/726/726 725/725/725 721/721/721
usemtl diffuse_0_0_0_255
v 2446.9375 2000 -6596.8720703125
v 2446.9375 -2.9336661100387573E-08 -6596.8720703125
v 3847.632568359375 2000 -6596.8720703125
v 3847.632568359375 -2.9336661100387573E-08 -6596.8720703125
v 2446.9375 1000 -6596.8720703125
v 3847.632568359375 1000 -6596.8720703125
v 3847.632568359375 2000 -6596.8720703125
v 3847.632568359375 -2.9336661100387573E-08 -6596.8720703125
v 3847.632568359375 2000 -4048.28955078125
v 3847.632568359375 -2.9336661100387573E-08 -4048.28955078125
v 3847.632568359375 1000 -6596.8720703125
v 3847.632568359375 2000 -5322.5810546875
v 3847.632568359375 1000 -4048.28955078125
v 3847.632568359375 -2.9336661100387573E-08 -5322.5810546875
v 3847.632568359375 2000 -4048.28955078125
v 3847.632568359375 -2.9336661100387573E-08 -4048.28955078125
v 2846.9375 2000 -4048.28955078125
v 2846.9375 -2.9335296858334914E-08 -4048.28955078125
v 3847.632568359375 1000 -4048.28955078125
v 2846.9375 1333.3333740234375 -4048.28955078125
v 2846.9375 666.66668701171875 -4048.28955078125
v 3847.632568359375 2000 -4048.28955078125
v 2446.9375 2000 -6596.8720703125
v 3847.632568359375 2000 -6596.8720703125
v 3847.632568359375 2000 -5322.5810546875
v 2846.9375 2000 -4048.28955078125
v 2446.9375 2000 -4448.28955078125
v 2446.9375 2000 -5522.5810546875
v 2701.557861328125 2000 -4075.64404296875
v 2567.05615234375 2000 -4162.51611328125
v 2476.92822265625 2000 -4296.32568359375
v 3147.28515625 2000 -5322.5810546875
v 2797.111328125 2000 -5322.5810546875
v 3147.28515625 2000 -4685.43505859375
v 2797.111328125 2000 -4685.43505859375
v 2972.1982421875 2000 -4685.43505859375
v 3147.28515625 2000 -4366.8623046875
v 2797.111328125 2000 -4366.8623046875
v 2972.1982421875 2000 -4366.8623046875
v 3497.458740234375 2000 -5322.5810546875
v 3497.458740234375 2000 -4685.43505859375
v 2622.0244140625 2000 -4685.43505859375
v 2622.0244140625 2000 -4366.8623046875
v 3847.632568359375 -2.9336661100387573E-08 -4048.28955078125
v 2446.9375 -2.9336661100387573E-08 -6596.8720703125
v 3847.632568359375 -2.9336661100387573E-08 -6596.8720703125
v 3847.632568359375 -2.9336661100387573E-08 -5322.5810546875
v 2846.9375 -2.9335296858334914E-08 -4048.28955078125
v 2446.9375 -2.9336206353036687E-08 -4448.28955078125
v 2446.9375 -2.9336842288785192E-08 -5522.5810546875
v 2701.557861328125 -2.9325336825536397E-08 -4075.64404296875
v 2567.05615234375 -2.9321491012979095E-08 -4162.51611328125
v 2476.92822265625 -2.93255038030793E-08 -4296.32568359375
v 3147.28515625 -2.9336661100387573E-08 -5322.5810546875
v 2797.111328125 -2.9336661100387573E-08 -5322.5810546875
v 3147.28515625 -2.9336661100387573E-08 -4685.43505859375
v 2797.111328125 -2.9336661100387573E-08 -4685.43505859375
v 2972.1982421875 -2.9336661100387573E-08 -4685.43505859375
v 3147.28515625 -2.9336661100387573E-08 -4366.8623046875
v 2797.111328125 -2.9336661100387573E-08 -4366.8623046875
v 2972.1982421875 -2.9336661100387573E-08 -4366.8623046875
v 3497.458740234375 -2.9336661100387573E-08 -5322.5810546875
v 3497.458740234375 -2.9336661100387573E-08 -4685.43505859375
v 2622.0244140625 -2.9336661100387573E-08 -4685.43505859375
v 2622.0244140625 -2.9336661100387573E-08 -4366.8623046875
v 2446.9375 2000 -4448.28955078125
v 2446.9375 -2.9336206353036687E-08 -4448.28955078125
v 2446.9375 2000 -6596.8720703125
v 2446.9375 -2.9336661100387573E-08 -6596.8720703125
v 2446.9375 1000 -6596.8720703125
v 2446.9375 2000 -5522.5810546875
v 2446.9375 -2.9336842288785192E-08 -5522.5810546875
v 2446.9375 666.66668701171875 -4448.28955078125
v 2446.9375 1333.3333740234375 -4448.28955078125
v 2446.9375 2000 -4448.28955078125
v 2476.92822265625 2000 -4296.32568359375
v 2567.05615234375 2000 -4162.51611328125
v 2701.557861328125 2000 -4075.64404296875
v 2846.9375 2000 -4048.28955078125
v 2446.9375 1333.3333740234375 -4448.28955078125
v 2476.92822265625 1333.3333740234375 -4296.32568359375
v 2567.05615234375 1333.3333740234375 -4162.51611328125
v 2701.557861328125 1333.3333740234375 -4075.64404296875
v 2846.9375 1333.3333740234375 -4048.28955078125
v 2446.9375 666.66668701171875 -4448.28955078125
v 2476.92822265625 666.66668701171875 -4296.32568359375
v 2567.05615234375 666.66668701171875 -4162.51611328125
v 2701.557861328125 666.66668701171875 -4075.64404296875
v 2846.9375 666.66668701171875 -4048.28955078125
v 2446.9375 -2.9336206353036687E-08 -4448.28955078125
v 2476.92822265625 -2.93255038030793E-08 -4296.32568359375
v 2567.05615234375 -2.9321491012979095E-08 -4162.51611328125
v 2701.557861328125 -2.9325336825536397E-08 -4075.64404296875
v 2846.9375 -2.9335296858334914E-08 -4048.28955078125
v 2775.086181640625 1333.3333740234375 -4054.7958984375
v 2701.557861328125 1666.6666259765625 -4075.64404296875
v 2775.086181640625 1666.6666259765625 -4054.7958984375
v 2630.646728515625 1333.3333740234375 -4111.810546875
v 2567.05615234375 1666.6666259765625 -4162.51611328125
v 2630.646728515625 1666.6666259765625 -4111.810546875
v 2454.0634765625 1333.3333740234375 -4373.12353515625
v 2476.92822265625 1666.6666259765625 -4296.32568359375
v 2454.0634765625 1666.6666259765625 -4373.12353515625
v 2476.92822265625 333.33334350585938 -4296.32568359375
v 2454.0634765625 666.66668701171875 -4373.12353515625
v 2454.0634765625 333.33334350585938 -4373.12353515625
v 2701.557861328125 333.33334350585938 -4075.64404296875
v 2630.646728515625 666.66668701171875 -4111.810546875
v 2567.05615234375 333.33334350585938 -4162.51611328125
v 2630.646728515625 333.33334350585938 -4111.810546875
v 2775.086181640625 666.66668701171875 -4054.7958984375
v 2775.086181640625 333.33334350585938 -4054.7958984375
vt 0.99853515625 0
vt 0.64469891786575317 0
vt 0.99853515625 0.24883422255516052
vt 0.64469891786575317 0.24883422255516052
vt 0.8216170072555542 0
vt 0.8216170072555542 0.24883422255516052
vt 0.64323407411575317 0.4527570903301239
vt 0.28939780592918396 0.4527570903301239
vt 0.64323407411575317 0.9040493369102478
vt 0.28939780592918396 0.9040493369102478
vt 0.46631592512130737 0.4527570903301239
vt 0.64323407411575317 0.67840319871902466
vt 0.46631592512130737 0.9040493369102478
vt 0.28939780592918396 0.67840319871902466
vt 0.11162379384040833 0.4527570903301239
vt 0.11162379384040833 0.80805820226669312
vt 0.28793296217918396 0.4527570903301239
vt 0.28793296217918396 0.80805820226669312
vt 0.11162379384040833 0.63040763139724731
vt 0.28793296217918396 0.57119077444076538
vt 0.28793296217918396 0.68962448835372925
vt 0.32234945893287659 0
vt 0.57118368148803711 0.4512922465801239
vt 0.32234945893287659 0.4512922465801239
vt 0.32234945893287659 0.22564612329006195
vt 0.50012344121932983 0
vt 0.57118368148803711 0.070830307900905609
vt 0.57118368148803711 0.26106128096580505
vt 0.52595025300979614 0.0048438082449138165
vt 0.54984456300735474 0.020226780325174332
vt 0.56585580110549927 0.043921139091253281
vt 0.44676655530929565 0.22564612329006195
vt 0.50897514820098877 0.22564612329006195
vt 0.44676655530929565 0.11282306164503098
vt 0.50897514820098877 0.11282306164503098
vt 0.47787085175514221 0.11282306164503098
vt 0.44676655530929565 0.056411530822515488
vt 0.50897514820098877 0.056411530822515488
vt 0.47787085175514221 0.056411530822515488
vt 0.38455802202224731 0.22564612329006195
vt 0.38455802202224731 0.11282306164503098
vt 0.54007941484451294 0.11282306164503098
vt 0.54007941484451294 0.056411530822515488
vt 0 0
vt 0.24883422255516052 0.4512922465801239
vt 0 0.4512922465801239
vt 0 0.22564612329006195
vt 0.17777401208877563 0
vt 0.24883422255516052 0.070830307900905609
vt 0.24883422255516052 0.26106128096580505
vt 0.20360080897808075 0.0048438082449138165
vt 0.22749510407447815 0.020226780325174332
vt 0.24350637197494507 0.043921139091253281
vt 0.12441711127758026 0.22564612329006195
vt 0.18662567436695099 0.22564612329006195
vt 0.12441711127758026 0.11282306164503098
vt 0.18662567436695099 0.11282306164503098
vt 0.15552139282226563 0.11282306164503098
vt 0.12441711127758026 0.056411530822515488
vt 0.18662567436695099 0.056411530822515488
vt 0.15552139282226563 0.056411530822515488
vt 0.062208555638790131 0.22564612329006195
vt 0.062208555638790131 0.11282306164503098
vt 0.21772995591163635 0.11282306164503098
vt 0.21772995591163635 0.056411530822515488
vt 0.99853515625 0.35735416412353516
vt 0.64469891786575317 0.35735416412353516
vt 0.99853515625 0.73905104398727417
vt 0.64469891786575317 0.73905104398727417
vt 0.8216170072555542 0.73905104398727417
vt 0.99853515625 0.54820263385772705
vt 0.64469891786575317 0.54820263385772705
vt 0.76264429092407227 0.35735416412353516
vt 0.88058972358703613 0.35735416412353516
vt 0.11015895009040833 0.4527570903301239
vt 0.081736959517002106 0.4527570903301239
vt 0.054386969655752182 0.4527570903301239
vt 0.027193481102585793 0.4527570903301239
vt 0 0.4527570903301239
vt 0.11015895009040833 0.57119077444076538
vt 0.081736959517002106 0.57119077444076538
vt 0.054386969655752182 0.57119077444076538
vt 0.027193481102585793 0.57119077444076538
vt 0 0.57119077444076538
vt 0.11015895009040833 0.68962448835372925
vt 0.081736959517002106 0.68962448835372925
vt 0.054386969655752182 0.68962448835372925
vt 0.027193481102585793 0.68962448835372925
vt 0 0.68962448835372925
vt 0.11015895009040833 0.80805820226669312
vt 0.081736959517002106 0.80805820226669312
vt 0.054386969655752182 0.80805820226669312
vt 0.027193481102585793 0.80805820226669312
vt 0 0.80805820226669312
vt 0.01359674334526062 0.57119077444076538
vt 0.027193481102585793 0.51197391748428345
vt 0.01359674334526062 0.51197391748428345
vt 0.040790226310491562 0.57119077444076538
vt 0.054386969655752182 0.51197391748428345
vt 0.040790226310491562 0.51197391748428345
vt 0.095947958528995514 0.57119077444076538
vt 0.081736959517002106 0.51197391748428345
vt 0.095947958528995514 0.51197391748428345
vt 0.081736959517002106 0.74884134531021118
vt 0.095947958528995514 0.68962448835372925
vt 0.095947958528995514 0.74884134531021118
vt 0.027193481102585793 0.74884134531021118
vt 0.040790226310491562 0.68962448835372925
vt 0.054386969655752182 0.74884134531021118
vt 0.040790226310491562 0.74884134531021118
vt 0.01359674334526062 0.68962448835372925
vt 0.01359674334526062 0.74884134531021118
vn 0 0 -1
vn 0 0 -1
vn 0 0 -1
vn 0 0 -1
vn 0 0 -1
vn 0 0 -1
vn 1 0 0
vn 1 0 0
vn 1 0 0
vn 1 0 0
vn 1 0 0
vn 1 0 0
vn 1 0 0
vn 1 0 0
vn 0 0 1
vn 0 0 1
vn 0 0 1
vn 0 0 1
vn 0 0 1
vn 0 0 1
vn 0 0 1
vn 0 1 0
vn 0 1 0
vn 0 1 0
vn 0 1 0
vn 0 1 0
vn 0 1 0
vn 0 1 0
vn 0 1 0
vn 0 1 0
vn 0 1 0
vn 0 1 0
vn 0 1 0
vn 0 1 0
vn 0 1 0
vn 0 1 0
vn 0 1 0
vn 0 1 0
vn 0 1 0
vn 0 1 0
vn 0 1 0
vn 0 1 0
vn 0 1 0
vn 0 -1 0
vn 0 -1 0
vn 0 -1 0
vn 0 -1 0
vn 0 -1 0
vn 0 -1 0
vn 0 -1 0
vn 0 -1 0
vn 0 -1 0
vn 0 -1 0
vn 0 -1 0
vn 0 -1 0
vn 0 -1 0
vn 0 -1 0
vn 0 -1 0
vn 0 -1 0
vn 0 -1 0
vn 0 -1 0
vn 0 -1 0
vn 0 -1 0
vn 0 -1 0
vn 0 -1 0
vn -1 0 0
vn -1 0 0
vn -1 0 0
vn -1 0 0
vn -1 0 0
vn -1 0 0
vn -1 0 0
vn -1 0 0
vn -1 0 0
vn -1 0 0
vn -0.92502325773239136 0 0.37991040945053101
vn -0.69970357418060303 0 0.71443325281143188
vn -0.36344948410987854 0 0.93161392211914063
vn 0 0 1
vn -1 0 0
vn -0.92502325773239136 0 0.37991040945053101
vn -0.69970357418060303 0 0.71443325281143188
vn -0.36344948410987854 0 0.93161392211914063
vn 0 0 1
vn -1 0 0
vn -0.92502325773239136 0 0.37991040945053101
vn -0.69970357418060303 0 0.71443325281143188
vn -0.36344948410987854 0 0.93161392211914063
vn 0 0 1
vn -1 0 0
vn -0.92502325773239136 0 0.37991040945053101
vn -0.69970357418060303 0 0.71443325281143188
vn -0.36344948410987854 0 0.93161392211914063
vn 0 0 1
vn -0.17962829768657684 0 0.98373454809188843
vn -0.36344948410987854 0 0.93161392211914063
vn -0.17962829768657684 0 0.98373454809188843
vn -0.54072701930999756 0 0.8411981463432312
vn -0.69970357418060303 0 0.71443325281143188
vn -0.54072701930999756 0 0.8411981463432312
vn -0.98218530416488647 0 0.18791507184505463
vn -0.92502325773239136 0 0.37991040945053101
vn -0.98218530416488647 0 0.18791507184505463
vn -0.92502325773239136 0 0.37991040945053101
vn -0.98218530416488647 0 0.18791507184505463
vn -0.98218530416488647 0 0.18791507184505463
vn -0.36344948410987854 0 0.93161392211914063
vn -0.54072701930999756 0 0.8411981463432312
vn -0.69970357418060303 0 0.71443325281143188
vn -0.54072701930999756 0 0.8411981463432312
vn -0.17962829768657684 0 0.98373454809188843
vn -0.17962829768657684 0 0.98373454809188843
f 733/733/733 729/729/729 731/731/731 734/734/734
f 730/730/730 733/733/733 734/734/734 732/732/732
f 739/739/739 735/735/735 740/740/740
f 739/739/739 742/742/742 736/736/736
f 741/741/741 739/739/739 740/740/740
f 739/739/739 741/741/741 742/742/742
f 741/741/741 738/738/738 742/742/742
f 737/737/737 741/741/741 740/740/740
f 747/747/747 743/743/743 745/745/745 748/748/748
f 744/744/744 747/747/747 749/749/749 746/746/746
f 747/747/747 748/748/748 749/749/749
f 768/768/768 760/760/760 762/762/762 769/769/769
f 764/764/764 761/761/761 763/763/763
f 760/760/760 764/764/764 762/762/762
f 761/761/761 764/764/764 760/760/760
f 762/762/762 764/764/764 767/767/767 765/765/765
f 764/764/764 763/763/763 766/766/766 767/767/767
f 763/763/763 770/770/770 771/771/771 766/766/766
f 771/771/771 758/758/758 757/757/757
f 771/771/771 755/755/755 759/759/759
f 758/758/758 771/771/771 759/759/759
f 766/766/766 771/771/771 757/757/757
f 765/765/765 754/754/754 750/750/750
f 754/754/754 767/767/767 766/766/766
f 754/754/754 765/765/765 767/767/767
f 766/766/766 757/757/757 754/754/754
f 769/769/769 765/765/765 750/750/750
f 771/771/771 770/770/770 755/755/755
f 761/761/761 770/770/770 763/763/763
f 751/751/751 756/756/756 761/761/761
f 770/770/770 761/761/761 756/756/756
f 760/760/760 751/751/751 761/761/761
f 756/756/756 755/755/755 770/770/770
f 765/765/765 769/769/769 762/762/762
f 753/753/753 752/752/752 768/768/768
f 760/760/760 768/768/768 752/752/752
f 769/769/769 753/753/753 768/768/768
f 752/752/752 751/751/751 760/760/760
f 750/750/750 753/753/753 769/769/769
f 790/790/790 791/791/791 784/784/784 782/782/782
f 786/786/786 785/785/785 783/783/783
f 782/782/782 784/784/784 786/786/786
f 783/783/783 782/782/782 786/786/786
f 784/784/784 787/787/787 789/789/789 786/786/786
f 786/786/786 789/789/789 788/788/788 785/785/785
f 785/785/785 788/788/788 793/793/793 792/792/792
f 793/793/793 779/779/779 780/780/780
f 793/793/793 781/781/781 777/777/777
f 780/780/780 781/781/781 793/793/793
f 788/788/788 779/779/779 793/793/793
f 787/787/787 772/772/772 776/776/776
f 776/776/776 788/788/788 789/789/789
f 776/776/776 789/789/789 787/787/787
f 788/788/788 776/776/776 779/779/779
f 791/791/791 772/772/772 787/787/787
f 793/793/793 777/777/777 792/792/792
f 783/783/783 785/785/785 792/792/792
f 773/773/773 783/783/783 778/778/778
f 792/792/792 778/778/778 783/783/783
f 782/782/782 783/783/783 773/773/773
f 778/778/778 792/792/792 777/777/777
f 787/787/787 784/784/784 791/791/791
f 775/775/775 790/790/790 774/774/774
f 782/782/782 774/774/774 790/790/790
f 791/791/791 790/790/790 775/775/775
f 774/774/774 782/782/782 773/773/773
f 772/772/772 791/791/791 775/775/775
f 799/799/799 802/802/802 794/794/794
f 800/800/800 795/795/795 801/801/801
f 801/801/801 802/802/802 799/799/799
f 798/798/798 799/799/799 796/796/796
f 797/797/797 800/800/800 798/798/798
f 799/799/799 798/798/798 800/800/800
f 801/801/801 799/799/799 800/800/800
f 809/809/809 830/830/830 831/831/831 829/829/829
f 811/811/811 824/824/824 828/828/828 826/826/826
f 826/826/826 828/828/828 827/827/827 810/810/810
f 823/823/823 825/825/825 824/824/824 811/811/811
f 815/815/815 810/810/810 809/809/809 814/814/814
f 836/836/836 816/816/816 811/811/811 826/826/826
f 826/826/826 810/810/810 815/815/815 836/836/836
f 832/832/832 814/814/814 833/833/833 834/834/834
f 835/835/835 816/816/816 836/836/836 838/838/838
f 838/838/838 836/836/836 815/815/815 837/837/837
f 840/840/840 839/839/839 816/816/816 835/835/835
f 804/804/804 803/803/803 831/831/831
f 808/808/808 831/831/831 803/803/803
f 805/805/805 804/804/804 830/830/830 827/827/827
f 830/830/830 804/804/804 831/831/831
f 829/829/829 808/808/808 813/813/813 833/833/833
f 827/827/827 830/830/830 809/809/809 810/810/810
f 809/809/809 829/829/829 833/833/833 814/814/814
f 808/808/808 829/829/829 831/831/831
f 828/828/828 805/805/805 827/827/827
f 824/824/824 806/806/806 828/828/828
f 805/805/805 828/828/828 806/806/806
f 824/824/824 825/825/825 806/806/806
f 807/807/807 806/806/806 825/825/825
f 812/812/812 825/825/825 823/823/823
f 812/812/812 823/823/823 839/839/839 817/817/817
f 807/807/807 825/825/825 812/812/812
f 823/823/823 811/811/811 816/816/816 839/839/839
f 834/834/834 833/833/833 813/813/813
f 815/815/815 814/814/814 832/832/832 837/837/837
f 819/819/819 834/834/834 818/818/818
f 813/813/813 818/818/818 834/834/834
f 837/837/837 832/832/832 819/819/819 820/820/820
f 834/834/834 819/819/819 832/832/832
f 839/839/839 840/840/840 817/817/817
f 835/835/835 838/838/838 821/821/821
f 820/820/820 821/821/821 838/838/838
f 822/822/822 840/840/840 821/821/821
f 835/835/835 821/821/821 840/840/840
f 817/817/817 840/840/840 822/822/822
f 820/820/820 838/838/838 837/837/837
usemtl diffuse_0_0_0_255
v 6336.09423828125 -2.9032435122644529E-08 -2906.57373046875
v 6336.09423828125 2000 -2906.57373046875
v 6336.09423828125 -2.9032435122644529E-08 -6640.32275390625
v 6336.09423828125 2000 -6640.32275390625
v 6336.09423828125 -2.9032435122644529E-08 -3528.865234375
v 6336.09423828125 -2.9032435122644529E-08 -4151.15673828125
v 6336.09423828125 -2.9032435122644529E-08 -4773.4482421875
v 6336.09423828125 -2.9032435122644529E-08 -5395.73974609375
v 6336.09423828125 -2.9032435122644529E-08 -6018.03125
v 6336.09423828125 666.66668701171875 -6640.32275390625
v 6336.09423828125 1333.3333740234375 -6640.32275390625
v 6336.09423828125 2000 -6018.03125
v 6336.09423828125 2000 -5395.73974609375
v 6336.09423828125 2000 -4773.4482421875
v 6336.09423828125 2000 -4151.15673828125
v 6336.09423828125 2000 -3528.865234375
v 6336.09423828125 1333.3333740234375 -2906.57373046875
v 6336.09423828125 666.66668701171875 -2906.57373046875
v 6336.09423828125 -2.9032435122644529E-08 -6640.32275390625
v 6336.09423828125 2000 -6640.32275390625
v 6136.09423828125 -2.9032435122644529E-08 -6640.32275390625
v 6136.09423828125 2000 -6640.32275390625
v 6336.09423828125 1333.3333740234375 -6640.32275390625
v 6336.09423828125 666.66668701171875 -6640.32275390625
v 6136.09423828125 666.66668701171875 -6640.32275390625
v 6136.09423828125 1333.3333740234375 -6640.32275390625
v 6136.09423828125 -2.9032435122644529E-08 -6640.32275390625
v 6136.09423828125 2000 -6640.32275390625
v 6136.09423828125 -2.9032435122644529E-08 -2906.57373046875
v 6136.09423828125 2000 -2906.57373046875
v 6136.09423828125 1333.3333740234375 -6640.32275390625
v 6136.09423828125 666.66668701171875 -6640.32275390625
v 6136.09423828125 2000 -4773.4482421875
v 6136.09423828125 -2.9032435122644529E-08 -4773.4482421875
v 6136.09423828125 -2.9032435122644529E-08 -6018.03125
v 6136.09423828125 -2.9032435122644529E-08 -5395.73974609375
v 6136.09423828125 -2.9032435122644529E-08 -4151.15673828125
v 6136.09423828125 -2.9032435122644529E-08 -3528.865234375
v 6136.09423828125 666.66668701171875 -2906.57373046875
v 6136.09423828125 1333.3333740234375 -2906.57373046875
v 6136.09423828125 2000 -3528.865234375
v 6136.09423828125 2000 -4151.15673828125
v 6136.09423828125 2000 -5395.73974609375
v 6136.09423828125 2000 -6018.03125
v 6136.09423828125 -2.9032435122644529E-08 -2906.57373046875
v 6136.09423828125 2000 -2906.57373046875
v 6336.09423828125 -2.9032435122644529E-08 -2906.57373046875
v 6336.09423828125 2000 -2906.57373046875
v 6336.09423828125 666.66668701171875 -2906.57373046875
v 6336.09423828125 1333.3333740234375 -2906.57373046875
v 6136.09423828125 1333.3333740234375 -2906.57373046875
v 6136.09423828125 666.66668701171875 -2906.57373046875
v 6336.09423828125 -2.9032435122644529E-08 -2906.57373046875
v 6136.09423828125 -2.9032435122644529E-08 -2906.57373046875
v 6136.09423828125 -2.9032435122644529E-08 -4773.4482421875
v 6336.09423828125 -2.9032435122644529E-08 -6640.32275390625
v 6136.09423828125 -2.9032435122644529E-08 -6640.32275390625
v 6336.09423828125 -2.9032435122644529E-08 -3528.865234375
v 6336.09423828125 -2.9032435122644529E-08 -4151.15673828125
v 6336.09423828125 -2.9032435122644529E-08 -4773.4482421875
v 6336.09423828125 -2.9032435122644529E-08 -5395.73974609375
v 6336.09423828125 -2.9032435122644529E-08 -6018.03125
v 6136.09423828125 -2.9032435122644529E-08 -6018.03125
v 6136.09423828125 -2.9032435122644529E-08 -5395.73974609375
v 6136.09423828125 -2.9032435122644529E-08 -4151.15673828125
v 6136.09423828125 -2.9032435122644529E-08 -3528.865234375
v 6336.09423828125 2000 -2906.57373046875
v 6136.09423828125 2000 -2906.57373046875
v 6136.09423828125 2000 -4773.4482421875
v 6336.09423828125 2000 -6640.32275390625
v 6136.09423828125 2000 -6640.32275390625
v 6336.09423828125 2000 -3528.865234375
v 6336.09423828125 2000 -4151.15673828125
v 6336.09423828125 2000 -4773.4482421875
v 6336.09423828125 2000 -5395.73974609375
v 6336.09423828125 2000 -6018.03125
v 6136.09423828125 2000 -6018.03125
v 6136.09423828125 2000 -5395.73974609375
v 6136.09423828125 2000 -4151.15673828125
v 6136.09423828125 2000 -3528.865234375
vt 0.090909093618392944 0.54545456171035767
vt 0.090909093618392944 0.99853515625
vt 0.93802356719970703 0.54545456171035767
vt 0.93802356719970703 0.99853515625
vt 0.23209483921527863 0.54545456171035767
vt 0.37328058481216431 0.54545456171035767
vt 0.51446628570556641 0.54545456171035767
vt 0.65565204620361328 0.54545456171035767
vt 0.79683780670166016 0.54545456171035767
vt 0.93802356719970703 0.69648140668869019
vt 0.93802356719970703 0.84750831127166748
vt 0.79683780670166016 0.99853515625
vt 0.65565204620361328 0.99853515625
vt 0.51446628570556641 0.99853515625
vt 0.37328058481216431 0.99853515625
vt 0.23209483921527863 0.99853515625
vt 0.090909093618392944 0.84750831127166748
vt 0.090909093618392944 0.69648140668869019
vt 0.54545456171035767 0.045454546809196472
vt 0.090909093618392944 0.045454546809196472
vt 0.54545456171035767 0.089444249868392944
vt 0.090909093618392944 0.089444249868392944
vt 0.24242423474788666 0.045454546809196472
vt 0.39393937587738037 0.045454546809196472
vt 0.39393937587738037 0.089444249868392944
vt 0.24242423474788666 0.089444249868392944
vt 0.090909093618392944 0.090909093618392944
vt 0.090909093618392944 0.54398971796035767
vt 0.93802356719970703 0.090909093618392944
vt 0.93802356719970703 0.54398971796035767
vt 0.090909093618392944 0.39296284317970276
vt 0.090909093618392944 0.24193596839904785
vt 0.51446628570556641 0.54398971796035767
vt 0.51446628570556641 0.090909093618392944
vt 0.23209483921527863 0.090909093618392944
vt 0.37328058481216431 0.090909093618392944
vt 0.65565204620361328 0.090909093618392944
vt 0.79683780670166016 0.090909093618392944
vt 0.93802356719970703 0.24193596839904785
vt 0.93802356719970703 0.39296284317970276
vt 0.79683780670166016 0.54398971796035767
vt 0.65565204620361328 0.54398971796035767
vt 0.37328058481216431 0.54398971796035767
vt 0.23209483921527863 0.54398971796035767
vt 0.54545456171035767 0
vt 0.090909093618392944 0
vt 0.54545456171035767 0.043989703059196472
vt 0.090909093618392944 0.043989703059196472
vt 0.39393937587738037 0.043989703059196472
vt 0.24242423474788666 0.043989703059196472
vt 0.24242423474788666 0
vt 0.39393937587738037 0
vt 0.089444249868392944 0
vt 0.045454546809196472 0
vt 0.045454546809196472 0.42428964376449585
vt 0.089444249868392944 0.8485792875289917
vt 0.045454546809196472 0.8485792875289917
vt 0.089444249868392944 0.14142988622188568
vt 0.089444249868392944 0.28285977244377136
vt 0.089444249868392944 0.42428964376449585
vt 0.089444249868392944 0.56571954488754272
vt 0.089444249868392944 0.70714938640594482
vt 0.045454546809196472 0.70714938640594482
vt 0.045454546809196472 0.56571954488754272
vt 0.045454546809196472 0.28285977244377136
vt 0.045454546809196472 0.14142988622188568
vt 0.043989703059196472 0
vt 0 0
vt 0 0.42428964376449585
vt 0.043989703059196472 0.8485792875289917
vt 0 0.8485792875289917
vt 0.043989703059196472 0.14142988622188568
vt 0.043989703059196472 0.28285977244377136
vt 0.043989703059196472 0.42428964376449585
vt 0.043989703059196472 0.56571954488754272
vt 0.043989703059196472 0.70714938640594482
vt 0 0.70714938640594482
vt 0 0.56571954488754272
vt 0 0.28285977244377136
vt 0 0.14142988622188568
vn 1 0 0
vn 1 0 0
vn 1 0 0
vn 1 0 0
vn 1 0 0
vn 1 0 0
vn 1 0 0
vn 1 0 0
vn 1 0 0
vn 1 0 0
vn 1 0 0
vn 1 0 0
vn 1 0 0
vn 1 0 0
vn 1 0 0
vn 1 0 0
vn 1 0 0
vn 1 0 0
vn 0 0 -1
vn 0 0 -1
vn 0 0 -1
vn 0 0 -1
vn 0 0 -1
vn 0 0 -1
vn 0 0 -1
vn 0 0 -1
vn -1 0 0
vn -1 0 0
vn -1 0 0
vn -1 0 0
vn -1 0 0
vn -1 0 0
vn -1 0 0
vn -1 0 0
vn -1 0 0
vn -1 0 0
vn -1 0 0
vn -1 0 0
vn -1 0 0
vn -1 0 0
vn -1 0 0
vn -1 0 0
vn -1 0 0
vn -1 0 0
vn 0 0 1
vn 0 0 1
vn 0 0 1
vn 0 0 1
vn 0 0 1
vn 0 0 1
vn 0 0 1
vn 0 0 1
vn 0 -1 0
vn 0 -1 0
vn 0 -1 0
vn 0 -1 0
vn 0 -1 0
vn 0 -1 0
vn 0 -1 0
vn 0 -1 0
vn 0 -1 0
vn 0 -1 0
vn 0 -1 0
vn 0 -1 0
vn 0 -1 0
vn 0 -1 0
vn 0 1 0
vn 0 1 0
vn 0 1 0
vn 0 1 0
vn 0 1 0
vn 0 1 0
vn 0 1 0
vn 0 1 0
vn 0 1 0
vn 0 1 0
vn 0 1 0
vn 0 1 0
vn 0 1 0
vn 0 1 0
f 858/858/858 841/841/841 845/845/845
f 858/858/858 846/846/846 847/847/847
f 858/858/858 845/845/845 846/846/846
f 857/857/857 858/858/858 847/847/847
f 857/857/857 856/856/856 842/842/842
f 857/857/857 855/855/855 856/856/856
f 855/855/855 857/857/857 854/854/854
f 854/854/854 857/857/857 847/847/847
f 850/850/850 848/848/848 849/849/849
f 849/849/849 843/843/843 850/850/850
f 850/850/850 851/851/851 847/847/847
f 851/851/851 853/853/853 854/854/854
f 844/844/844 852/852/852 851/851/851
f 853/853/853 851/851/851 852/852/852
f 854/854/854 847/847/847 851/851/851
f 848/848/848 850/850/850 847/847/847
f 864/864/864 859/859/859 861/861/861 865/865/865
f 860/860/860 863/863/863 866/866/866 862/862/862
f 863/863/863 864/864/864 865/865/865 866/866/866
f 872/872/872 867/867/867 875/875/875
f 872/872/872 876/876/876 874/874/874
f 872/872/872 875/875/875 876/876/876
f 871/871/871 872/872/872 874/874/874
f 871/871/871 884/884/884 868/868/868
f 871/871/871 883/883/883 884/884/884
f 883/883/883 871/871/871 873/873/873
f 873/873/873 871/871/871 874/874/874
f 879/879/879 877/877/877 878/878/878
f 878/878/878 869/869/869 879/879/879
f 879/879/879 880/880/880 874/874/874
f 880/880/880 882/882/882 873/873/873
f 870/870/870 881/881/881 880/880/880
f 882/882/882 880/880/880 881/881/881
f 873/873/873 874/874/874 880/880/880
f 877/877/877 879/879/879 874/874/874
f 892/892/892 885/885/885 887/887/887 889/889/889
f 886/886/886 891/891/891 890/890/890 888/888/888
f 891/891/891 892/892/892 889/889/889 890/890/890
f 893/893/893 894/894/894 906/906/906 898/898/898
f 898/898/898 906/906/906 905/905/905 899/899/899
f 895/895/895 900/900/900 899/899/899 905/905/905
f 901/901/901 904/904/904 903/903/903 902/902/902
f 902/902/902 903/903/903 897/897/897 896/896/896
f 904/904/904 901/901/901 900/900/900 895/895/895
f 907/907/907 912/912/912 920/920/920 908/908/908
f 912/912/912 913/913/913 919/919/919 920/920/920
f 909/909/909 919/919/919 913/913/913 914/914/914
f 915/915/915 916/916/916 917/917/917 918/918/918
f 916/916/916 910/910/910 911/911/911 917/917/917
f 918/918/918 909/909/909 914/914/914 915/915/915
usemtl Glass
v 6286.09423828125 -2.9032435122644529E-08 -29.706201553344727
v 6286.09423828125 2000 -29.706201553344727
v 6286.09423828125 -2.9032435122644529E-08 -2906.120361328125
v 6286.09423828125 2000 -2906.120361328125
v 6286.09423828125 -2.9032435122644529E-08 -440.62249755859375
v 6286.09423828125 -2.9032435122644529E-08 -851.538818359375
v 6286.09423828125 -2.9032435122644529E-08 -1262.455078125
v 6286.09423828125 -2.9032435122644529E-08 -1673.371337890625
v 6286.09423828125 -2.9032435122644529E-08 -2084.28759765625
v 6286.09423828125 -2.9032435122644529E-08 -2495.203857421875
v 6286.09423828125 1000 -2906.120361328125
v 6286.09423828125 1000 -29.706201553344727
v 6286.09423828125 1000 -1467.9132080078125
v 6286.09423828125 500 -1467.9132080078125
v 6286.09423828125 1000 -748.8096923828125
v 6286.09423828125 500 -748.8096923828125
v 6286.09423828125 1000 -2187.016845703125
v 6286.09423828125 500 -2187.016845703125
v 6286.09423828125 333.33334350585938 -2906.120361328125
v 6286.09423828125 666.66668701171875 -2906.120361328125
v 6286.09423828125 1333.3333740234375 -2906.120361328125
v 6286.09423828125 1666.6666259765625 -2906.120361328125
v 6286.09423828125 1500 -1467.9132080078125
v 6286.09423828125 1500 -2187.016845703125
v 6286.09423828125 2000 -2495.203857421875
v 6286.09423828125 2000 -2084.28759765625
v 6286.09423828125 2000 -1673.371337890625
v 6286.09423828125 2000 -1262.455078125
v 6286.09423828125 2000 -851.538818359375
v 6286.09423828125 2000 -440.62249755859375
v 6286.09423828125 1500 -748.8096923828125
v 6286.09423828125 1666.6666259765625 -29.706201553344727
v 6286.09423828125 1333.3333740234375 -29.706201553344727
v 6286.09423828125 666.66668701171875 -29.706201553344727
v 6286.09423828125 333.33334350585938 -29.706201553344727
v 6286.09423828125 -2.9032435122644529E-08 -2906.120361328125
v 6286.09423828125 1000 -2906.120361328125
v 6286.09423828125 2000 -2906.120361328125
v 6186.09423828125 -2.9032435122644529E-08 -2906.120361328125
v 6186.09423828125 1000 -2906.120361328125
v 6186.09423828125 2000 -2906.120361328125
v 6286.09423828125 1666.6666259765625 -2906.120361328125
v 6286.09423828125 1333.3333740234375 -2906.120361328125
v 6286.09423828125 666.66668701171875 -2906.120361328125
v 6286.09423828125 333.33334350585938 -2906.120361328125
v 6186.09423828125 333.33334350585938 -2906.120361328125
v 6186.09423828125 666.66668701171875 -2906.120361328125
v 6186.09423828125 1333.3333740234375 -2906.120361328125
v 6186.09423828125 1666.6666259765625 -2906.120361328125
v 6186.09423828125 -2.9032435122644529E-08 -2906.120361328125
v 6186.09423828125 2000 -2906.120361328125
v 6186.09423828125 -2.9032435122644529E-08 -29.706201553344727
v 6186.09423828125 2000 -29.706201553344727
v 6186.09423828125 1666.6666259765625 -2906.120361328125
v 6186.09423828125 1333.3333740234375 -2906.120361328125
v 6186.09423828125 1000 -2906.120361328125
v 6186.09423828125 666.66668701171875 -2906.120361328125
v 6186.09423828125 333.33334350585938 -2906.120361328125
v 6186.09423828125 1000 -29.706201553344727
v 6186.09423828125 1000 -1467.9132080078125
v 6186.09423828125 1500 -1467.9132080078125
v 6186.09423828125 1000 -2187.016845703125
v 6186.09423828125 1500 -2187.016845703125
v 6186.09423828125 500 -1467.9132080078125
v 6186.09423828125 500 -2187.016845703125
v 6186.09423828125 -2.9032435122644529E-08 -2495.203857421875
v 6186.09423828125 -2.9032435122644529E-08 -2084.28759765625
v 6186.09423828125 -2.9032435122644529E-08 -1673.371337890625
v 6186.09423828125 -2.9032435122644529E-08 -1262.455078125
v 6186.09423828125 -2.9032435122644529E-08 -851.538818359375
v 6186.09423828125 -2.9032435122644529E-08 -440.62249755859375
v 6186.09423828125 1000 -748.8096923828125
v 6186.09423828125 500 -748.8096923828125
v 6186.09423828125 333.33334350585938 -29.706201553344727
v 6186.09423828125 666.66668701171875 -29.706201553344727
v 6186.09423828125 1333.3333740234375 -29.706201553344727
v 6186.09423828125 1666.6666259765625 -29.706201553344727
v 6186.09423828125 1500 -748.8096923828125
v 6186.09423828125 2000 -440.62249755859375
v 6186.09423828125 2000 -851.538818359375
v 6186.09423828125 2000 -1262.455078125
v 6186.09423828125 2000 -1673.371337890625
v 6186.09423828125 2000 -2084.28759765625
v 6186.09423828125 2000 -2495.203857421875
v 6186.09423828125 -2.9032435122644529E-08 -29.706201553344727
v 6186.09423828125 1000 -29.706201553344727
v 6186.09423828125 2000 -29.706201553344727
v 6286.09423828125 -2.9032435122644529E-08 -29.706201553344727
v 6286.09423828125 1000 -29.706201553344727
v 6286.09423828125 2000 -29.706201553344727
v 6286.09423828125 333.33334350585938 -29.706201553344727
v 6286.09423828125 666.66668701171875 -29.706201553344727
v 6286.09423828125 1333.3333740234375 -29.706201553344727
v 6286.09423828125 1666.6666259765625 -29.706201553344727
v 6186.09423828125 1666.6666259765625 -29.706201553344727
v 6186.09423828125 1333.3333740234375 -29.706201553344727
v 6186.09423828125 666.66668701171875 -29.706201553344727
v 6186.09423828125 333.33334350585938 -29.706201553344727
v 6286.09423828125 -2.9032435122644529E-08 -29.706201553344727
v 6186.09423828125 -2.9032435122644529E-08 -29.706201553344727
v 6286.09423828125 -2.9032435122644529E-08 -2906.120361328125
v 6186.09423828125 -2.9032435122644529E-08 -2906.120361328125
v 6286.09423828125 -2.9032435122644529E-08 -440.62249755859375
v 6286.09423828125 -2.9032435122644529E-08 -851.538818359375
v 6286.09423828125 -2.9032435122644529E-08 -1262.455078125
v 6286.09423828125 -2.9032435122644529E-08 -1673.371337890625
v 6286.09423828125 -2.9032435122644529E-08 -2084.28759765625
v 6286.09423828125 -2.9032435122644529E-08 -2495.203857421875
v 6186.09423828125 -2.9032435122644529E-08 -2495.203857421875
v 6186.09423828125 -2.9032435122644529E-08 -2084.28759765625
v 6186.09423828125 -2.9032435122644529E-08 -1673.371337890625
v 6186.09423828125 -2.9032435122644529E-08 -1262.455078125
v 6186.09423828125 -2.9032435122644529E-08 -851.538818359375
v 6186.09423828125 -2.9032435122644529E-08 -440.62249755859375
v 6286.09423828125 2000 -29.706201553344727
v 6186.09423828125 2000 -29.706201553344727
v 6286.09423828125 2000 -2906.120361328125
v 6186.09423828125 2000 -2906.120361328125
v 6286.09423828125 2000 -440.62249755859375
v 6286.09423828125 2000 -851.538818359375
v 6286.09423828125 2000 -1262.455078125
v 6286.09423828125 2000 -1673.371337890625
v 6286.09423828125 2000 -2084.28759765625
v 6286.09423828125 2000 -2495.203857421875
v 6186.09423828125 2000 -2495.203857421875
v 6186.09423828125 2000 -2084.28759765625
v 6186.09423828125 2000 -1673.371337890625
v 6186.09423828125 2000 -1262.455078125
v 6186.09423828125 2000 -851.538818359375
v 6186.09423828125 2000 -440.62249755859375
vt 0.10000000149011612 0.5
vt 0.10000000149011612 0.99853515625
vt 0.81763869524002075 0.5
vt 0.81763869524002075 0.99853515625
vt 0.20251981914043427 0.5
vt 0.30503964424133301 0.5
vt 0.40755942463874817 0.5
vt 0.51007926464080811 0.5
vt 0.61259907484054565 0.5
vt 0.7151188850402832 0.5
vt 0.81763869524002075 0.749267578125
vt 0.10000000149011612 0.749267578125
vt 0.45881932973861694 0.749267578125
vt 0.45881932973861694 0.6246337890625
vt 0.27940967679023743 0.749267578125
vt 0.27940967679023743 0.6246337890625
vt 0.63822901248931885 0.749267578125
vt 0.63822901248931885 0.6246337890625
vt 0.81763869524002075 0.58308917284011841
vt 0.81763869524002075 0.66617840528488159
vt 0.81763869524002075 0.83235675096511841
vt 0.81763869524002075 0.91544598340988159
vt 0.45881932973861694 0.8739013671875
vt 0.63822901248931885 0.8739013671875
vt 0.7151188850402832 0.99853515625
vt 0.61259907484054565 0.99853515625
vt 0.51007926464080811 0.99853515625
vt 0.40755942463874817 0.99853515625
vt 0.30503964424133301 0.99853515625
vt 0.20251981914043427 0.99853515625
vt 0.27940967679023743 0.8739013671875
vt 0.10000000149011612 0.91544598340988159
vt 0.10000000149011612 0.83235675096511841
vt 0.10000000149011612 0.66617840528488159
vt 0.10000000149011612 0.58308917284011841
vt 0.02500000037252903 0
vt 0.02500000037252903 0.25
vt 0.02500000037252903 0.5
vt 0.04853515699505806 0
vt 0.04853515699505806 0.25
vt 0.04853515699505806 0.5
vt 0.02500000037252903 0.4166666567325592
vt 0.02500000037252903 0.3333333432674408
vt 0.02500000037252903 0.1666666716337204
vt 0.02500000037252903 0.083333335816860199
vt 0.04853515699505806 0.083333335816860199
vt 0.04853515699505806 0.1666666716337204
vt 0.04853515699505806 0.3333333432674408
vt 0.04853515699505806 0.4166666567325592
vt 0.10000000149011612 0
vt 0.10000000149011612 0.49853515625
vt 0.81763869524002075 0
vt 0.81763869524002075 0.49853515625
vt 0.10000000149011612 0.4154459536075592
vt 0.10000000149011612 0.3323567807674408
vt 0.10000000149011612 0.249267578125
vt 0.10000000149011612 0.1661783903837204
vt 0.10000000149011612 0.083089195191860199
vt 0.81763869524002075 0.249267578125
vt 0.45881932973861694 0.249267578125
vt 0.45881932973861694 0.3739013671875
vt 0.27940967679023743 0.249267578125
vt 0.27940967679023743 0.3739013671875
vt 0.45881932973861694 0.1246337890625
vt 0.27940967679023743 0.1246337890625
vt 0.20251981914043427 0
vt 0.30503964424133301 0
vt 0.40755942463874817 0
vt 0.51007926464080811 0
vt 0.61259907484054565 0
vt 0.7151188850402832 0
vt 0.63822901248931885 0.249267578125
vt 0.63822901248931885 0.1246337890625
vt 0.81763869524002075 0.083089195191860199
vt 0.81763869524002075 0.1661783903837204
vt 0.81763869524002075 0.3323567807674408
vt 0.81763869524002075 0.4154459536075592
vt 0.63822901248931885 0.3739013671875
vt 0.7151188850402832 0.49853515625
vt 0.61259907484054565 0.49853515625
vt 0.51007926464080811 0.49853515625
vt 0.40755942463874817 0.49853515625
vt 0.30503964424133301 0.49853515625
vt 0.20251981914043427 0.49853515625
vt 0 0
vt 0 0.25
vt 0 0.5
vt 0.02353515662252903 0
vt 0.02353515662252903 0.25
vt 0.02353515662252903 0.5
vt 0.02353515662252903 0.083333335816860199
vt 0.02353515662252903 0.1666666716337204
vt 0.02353515662252903 0.3333333432674408
vt 0.02353515662252903 0.4166666567325592
vt 0 0.4166666567325592
vt 0 0.3333333432674408
vt 0 0.1666666716337204
vt 0 0.083333335816860199
vt 0.098535157740116119 0
vt 0.075000002980232239 0
vt 0.098535157740116119 0.71910351514816284
vt 0.075000002980232239 0.71910351514816284
vt 0.098535157740116119 0.10272908210754395
vt 0.098535157740116119 0.20545816421508789
vt 0.098535157740116119 0.30818721652030945
vt 0.098535157740116119 0.41091632843017578
vt 0.098535157740116119 0.51364541053771973
vt 0.098535157740116119 0.6163744330406189
vt 0.075000002980232239 0.6163744330406189
vt 0.075000002980232239 0.51364541053771973
vt 0.075000002980232239 0.41091632843017578
vt 0.075000002980232239 0.30818721652030945
vt 0.075000002980232239 0.20545816421508789
vt 0.075000002980232239 0.10272908210754395
vt 0.073535159230232239 0
vt 0.05000000074505806 0
vt 0.073535159230232239 0.71910351514816284
vt 0.05000000074505806 0.71910351514816284
vt 0.073535159230232239 0.10272908210754395
vt 0.073535159230232239 0.20545816421508789
vt 0.073535159230232239 0.30818721652030945
vt 0.073535159230232239 0.41091632843017578
vt 0.073535159230232239 0.51364541053771973
vt 0.073535159230232239 0.6163744330406189
vt 0.05000000074505806 0.6163744330406189
vt 0.05000000074505806 0.51364541053771973
vt 0.05000000074505806 0.41091632843017578
vt 0.05000000074505806 0.30818721652030945
vt 0.05000000074505806 0.20545816421508789
vt 0.05000000074505806 0.10272908210754395
vn 1 0 0
vn 1 0 0
vn 1 0 0
vn 1 0 0
vn 1 0 0
vn 1 0 0
vn 1 0 0
vn 1 0 0
vn 1 0 0
vn 1 0 0
vn 1 0 0
vn 1 0 0
vn 1 0 0
vn 1 0 0
vn 1 0 0
vn 1 0 0
vn 1 0 0
vn 1 0 0
vn 1 0 0
vn 1 0 0
vn 1 0 0
vn 1 0 0
vn 1 0 0
vn 1 0 0
vn 1 0 0
vn 1 0 0
vn 1 0 0
vn 1 0 0
vn 1 0 0
vn 1 0 0
vn 1 0 0
vn 1 0 0
vn 1 0 0
vn 1 0 0
vn 1 0 0
vn 0 0 -1
vn 0 0 -1
vn 0 0 -1
vn 0 0 -1
vn 0 0 -1
vn 0 0 -1
vn 0 0 -1
vn 0 0 -1
vn 0 0 -1
vn 0 0 -1
vn 0 0 -1
vn 0 0 -1
vn 0 0 -1
vn 0 0 -1
vn -1 0 0
vn -1 0 0
vn -1 0 0
vn -1 0 0
vn -1 0 0
vn -1 0 0
vn -1 0 0
vn -1 0 0
vn -1 0 0
vn -1 0 0
vn -1 0 0
vn -1 0 0
vn -1 0 0
vn -1 0 0
vn -1 0 0
vn -1 0 0
vn -1 0 0
vn -1 0 0
vn -1 0 0
vn -1 0 0
vn -1 0 0
vn -1 0 0
vn -1 0 0
vn -1 0 0
vn -1 0 0
vn -1 0 0
vn -1 0 0
vn -1 0 0
vn -1 0 0
vn -1 0 0
vn -1 0 0
vn -1 0 0
vn -1 0 0
vn -1 0 0
vn -1 0 0
vn 0 0 1
vn 0 0 1
vn 0 0 1
vn 0 0 1
vn 0 0 1
vn 0 0 1
vn 0 0 1
vn 0 0 1
vn 0 0 1
vn 0 0 1
vn 0 0 1
vn 0 0 1
vn 0 0 1
vn 0 0 1
vn 0 -1 0
vn 0 -1 0
vn 0 -1 0
vn 0 -1 0
vn 0 -1 0
vn 0 -1 0
vn 0 -1 0
vn 0 -1 0
vn 0 -1 0
vn 0 -1 0
vn 0 -1 0
vn 0 -1 0
vn 0 -1 0
vn 0 -1 0
vn 0 -1 0
vn 0 -1 0
vn 0 1 0
vn 0 1 0
vn 0 1 0
vn 0 1 0
vn 0 1 0
vn 0 1 0
vn 0 1 0
vn 0 1 0
vn 0 1 0
vn 0 1 0
vn 0 1 0
vn 0 1 0
vn 0 1 0
vn 0 1 0
vn 0 1 0
vn 0 1 0
f 944/944/944 943/943/943 933/933/933 937/937/937
f 943/943/943 951/951/951 935/935/935 933/933/933
f 933/933/933 935/935/935 936/936/936 934/934/934
f 937/937/937 933/933/933 934/934/934 938/938/938
f 955/955/955 921/921/921 925/925/925
f 955/955/955 936/936/936 954/954/954
f 936/936/936 955/955/955 925/925/925
f 936/936/936 926/926/926 927/927/927
f 936/936/936 935/935/935 932/932/932 954/954/954
f 927/927/927 934/934/934 936/936/936
f 934/934/934 927/927/927 928/928/928
f 925/925/925 926/926/926 936/936/936
f 935/935/935 953/953/953 932/932/932
f 950/950/950 922/922/922 952/952/952
f 952/952/952 953/953/953 951/951/951
f 952/952/952 951/951/951 950/950/950
f 951/951/951 949/949/949 950/950/950
f 951/951/951 948/948/948 949/949/949
f 948/948/948 951/951/951 943/943/943
f 935/935/935 951/951/951 953/953/953
f 928/928/928 929/929/929 938/938/938 934/934/934
f 937/937/937 938/938/938 940/940/940 931/931/931
f 938/938/938 929/929/929 930/930/930
f 939/939/939 930/930/930 923/923/923
f 939/939/939 940/940/940 938/938/938
f 930/930/930 939/939/939 938/938/938
f 943/943/943 944/944/944 946/946/946 947/947/947
f 946/946/946 944/944/944 945/945/945
f 948/948/948 943/943/943 947/947/947
f 941/941/941 942/942/942 944/944/944
f 924/924/924 945/945/945 942/942/942
f 942/942/942 945/945/945 944/944/944
f 944/944/944 937/937/937 931/931/931 941/941/941
f 965/965/965 956/956/956 959/959/959 966/966/966
f 964/964/964 965/965/965 966/966/966 967/967/967
f 963/963/963 957/957/957 960/960/960 968/968/968
f 958/958/958 962/962/962 969/969/969 961/961/961
f 962/962/962 963/963/963 968/968/968 969/969/969
f 957/957/957 964/964/964 967/967/967 960/960/960
f 998/998/998 981/981/981 980/980/980 992/992/992
f 981/981/981 983/983/983 982/982/982 980/980/980
f 980/980/980 982/982/982 985/985/985 984/984/984
f 992/992/992 980/980/980 984/984/984 993/993/993
f 978/978/978 970/970/970 986/986/986
f 978/978/978 985/985/985 977/977/977
f 985/985/985 978/978/978 986/986/986
f 985/985/985 987/987/987 988/988/988
f 985/985/985 982/982/982 976/976/976 977/977/977
f 988/988/988 984/984/984 985/985/985
f 984/984/984 988/988/988 989/989/989
f 986/986/986 987/987/987 985/985/985
f 982/982/982 975/975/975 976/976/976
f 1004/1004/1004 971/971/971 974/974/974
f 974/974/974 975/975/975 983/983/983
f 974/974/974 983/983/983 1004/1004/1004
f 983/983/983 1003/1003/1003 1004/1004/1004
f 983/983/983 1002/1002/1002 1003/1003/1003
f 1002/1002/1002 983/983/983 981/981/981
f 982/982/982 983/983/983 975/975/975
f 989/989/989 990/990/990 993/993/993 984/984/984
f 992/992/992 993/993/993 995/995/995 979/979/979
f 993/993/993 990/990/990 991/991/991
f 994/994/994 991/991/991 972/972/972
f 994/994/994 995/995/995 993/993/993
f 991/991/991 994/994/994 993/993/993
f 981/981/981 998/998/998 1000/1000/1000 1001/1001/1001
f 1000/1000/1000 998/998/998 999/999/999
f 1002/1002/1002 981/981/981 1001/1001/1001
f 996/996/996 997/997/997 998/998/998
f 973/973/973 999/999/999 997/997/997
f 997/997/997 999/999/999 998/998/998
f 998/998/998 992/992/992 979/979/979 996/996/996
f 1018/1018/1018 1005/1005/1005 1008/1008/1008 1011/1011/1011
f 1017/1017/1017 1018/1018/1018 1011/1011/1011 1012/1012/1012
f 1016/1016/1016 1006/1006/1006 1009/1009/1009 1013/1013/1013
f 1007/1007/1007 1015/1015/1015 1014/1014/1014 1010/1010/1010
f 1015/1015/1015 1016/1016/1016 1013/1013/1013 1014/1014/1014
f 1006/1006/1006 1017/1017/1017 1012/1012/1012 1009/1009/1009
f 1019/1019/1019 1020/1020/1020 1034/1034/1034 1023/1023/1023
f 1024/1024/1024 1033/1033/1033 1032/1032/1032 1025/1025/1025
f 1023/1023/1023 1034/1034/1034 1033/1033/1033 1024/1024/1024
f 1025/1025/1025 1032/1032/1032 1031/1031/1031 1026/1026/1026
f 1026/1026/1026 1031/1031/1031 1030/1030/1030 1027/1027/1027
f 1021/1021/1021 1028/1028/1028 1029/1029/1029 1022/1022/1022
f 1027/1027/1027 1030/1030/1030 1029/1029/1029 1028/1028/1028
f 1035/1035/1035 1039/1039/1039 1050/1050/1050 1036/1036/1036
f 1040/1040/1040 1041/1041/1041 1048/1048/1048 1049/1049/1049
f 1039/1039/1039 1040/1040/1040 1049/1049/1049 1050/1050/1050
f 1041/1041/1041 1042/1042/1042 1047/1047/1047 1048/1048/1048
f 1042/1042/1042 1043/1043/1043 1046/1046/1046 1047/1047/1047
f 1037/1037/1037 1038/1038/1038 1045/1045/1045 1044/1044/1044
f 1043/1043/1043 1044/1044/1044 1045/1045/1045 1046/1046/1046
usemtl diffuse_0_0_0_255
v 2544.50732421875 0 -100
v 2544.50732421875 2000 -100
v 2544.50732421875 0 -1947.8551025390625
v 2544.50732421875 2000 -1947.8551025390625
v 2544.50732421875 0 -715.95166015625
v 2544.50732421875 0 -1331.9033203125
v 2544.50732421875 666.66668701171875 -1947.8551025390625
v 2544.50732421875 1333.3333740234375 -1947.8551025390625
v 2544.50732421875 2000 -1331.9033203125
v 2544.50732421875 2000 -715.95166015625
v 2544.50732421875 1333.3333740234375 -100
v 2544.50732421875 666.66668701171875 -100
v 2544.50732421875 0 -1947.8551025390625
v 2544.50732421875 2000 -1947.8551025390625
v 2344.50732421875 0 -1947.8551025390625
v 2344.50732421875 2000 -1947.8551025390625
v 2544.50732421875 1333.3333740234375 -1947.8551025390625
v 2544.50732421875 666.66668701171875 -1947.8551025390625
v 2344.50732421875 666.66668701171875 -1947.8551025390625
v 2344.50732421875 1333.3333740234375 -1947.8551025390625
v 2344.50732421875 0 -1947.8551025390625
v 2344.50732421875 2000 -1947.8551025390625
v 2344.50732421875 0 -100
v 2344.50732421875 2000 -100
v 2344.50732421875 1333.3333740234375 -1947.8551025390625
v 2344.50732421875 666.66668701171875 -1947.8551025390625
v 2344.50732421875 0 -1331.9033203125
v 2344.50732421875 0 -715.95166015625
v 2344.50732421875 666.66668701171875 -100
v 2344.50732421875 1333.3333740234375 -100
v 2344.50732421875 2000 -715.95166015625
v 2344.50732421875 2000 -1331.9033203125
v 2344.50732421875 0 -100
v 2344.50732421875 2000 -100
v 2544.50732421875 0 -100
v 2544.50732421875 2000 -100
v 2544.50732421875 666.66668701171875 -100
v 2544.50732421875 1333.3333740234375 -100
v 2344.50732421875 1333.3333740234375 -100
v 2344.50732421875 666.66668701171875 -100
v 2544.50732421875 0 -100
v 2344.50732421875 0 -100
v 2544.50732421875 0 -1947.8551025390625
v 2344.50732421875 0 -1947.8551025390625
v 2544.50732421875 0 -715.95166015625
v 2544.50732421875 0 -1331.9033203125
v 2344.50732421875 0 -1331.9033203125
v 2344.50732421875 0 -715.95166015625
v 2544.50732421875 2000 -100
v 2344.50732421875 2000 -100
v 2544.50732421875 2000 -1947.8551025390625
v 2344.50732421875 2000 -1947.8551025390625
v 2544.50732421875 2000 -715.95166015625
v 2544.50732421875 2000 -1331.9033203125
v 2344.50732421875 2000 -1331.9033203125
v 2344.50732421875 2000 -715.95166015625
vt 0.75617033243179321 0.5
vt 0.21646718680858612 0.5
vt 0.75617033243179321 0.99853515625
vt 0.21646718680858612 0.99853515625
vt 0.75617033243179321 0.66617840528488159
vt 0.75617033243179321 0.83235675096511841
vt 0.57626926898956299 0.99853515625
vt 0.39636823534965515 0.99853515625
vt 0.21646718680858612 0.83235675096511841
vt 0.21646718680858612 0.66617840528488159
vt 0.39636823534965515 0.5
vt 0.57626926898956299 0.5
vt 0.16235040128231049 0
vt 0.16235040128231049 0.5411679744720459
vt 0.21500234305858612 0
vt 0.21500234305858612 0.5411679744720459
vt 0.16235040128231049 0.36077865958213806
vt 0.16235040128231049 0.18038932979106903
vt 0.21500234305858612 0.18038932979106903
vt 0.21500234305858612 0.36077865958213806
vt 0.75617033243179321 0
vt 0.21646718680858612 0
vt 0.75617033243179321 0.49853515625
vt 0.21646718680858612 0.49853515625
vt 0.39636823534965515 0
vt 0.57626926898956299 0
vt 0.75617033243179321 0.1661783903837204
vt 0.75617033243179321 0.3323567807674408
vt 0.57626926898956299 0.49853515625
vt 0.39636823534965515 0.49853515625
vt 0.21646718680858612 0.3323567807674408
vt 0.21646718680858612 0.1661783903837204
vt 0.10823359340429306 0
vt 0.10823359340429306 0.5411679744720459
vt 0.16088555753231049 0
vt 0.16088555753231049 0.5411679744720459
vt 0.16088555753231049 0.18038932979106903
vt 0.16088555753231049 0.36077865958213806
vt 0.10823359340429306 0.36077865958213806
vt 0.10823359340429306 0.18038932979106903
vt 0.10676874965429306 0
vt 0.05411679670214653 0
vt 0.10676874965429306 0.5
vt 0.05411679670214653 0.5
vt 0.10676874965429306 0.1666666716337204
vt 0.10676874965429306 0.3333333432674408
vt 0.05411679670214653 0.3333333432674408
vt 0.05411679670214653 0.1666666716337204
vt 0.05265195295214653 0
vt 0 0
vt 0.05265195295214653 0.5
vt 0 0.5
vt 0.05265195295214653 0.1666666716337204
vt 0.05265195295214653 0.3333333432674408
vt 0 0.3333333432674408
vt 0 0.1666666716337204
vn 1 0 0
vn 1 0 0
vn 1 0 0
vn 1 0 0
vn 1 0 0
vn 1 0 0
vn 1 0 0
vn 1 0 0
vn 1 0 0
vn 1 0 0
vn 1 0 0
vn 1 0 0
vn 0 0 -1
vn 0 0 -1
vn 0 0 -1
vn 0 0 -1
vn 0 0 -1
vn 0 0 -1
vn 0 0 -1
vn 0 0 -1
vn -1 0 0
vn -1 0 0
vn -1 0 0
vn -1 0 0
vn -1 0 0
vn -1 0 0
vn -1 0 0
vn -1 0 0
vn -1 0 0
vn -1 0 0
vn -1 0 0
vn -1 0 0
vn 0 0 1
vn 0 0 1
vn 0 0 1
vn 0 0 1
vn 0 0 1
vn 0 0 1
vn 0 0 1
vn 0 0 1
vn 0 -1 0
vn 0 -1 0
vn 0 -1 0
vn 0 -1 0
vn 0 -1 0
vn 0 -1 0
vn 0 -1 0
vn 0 -1 0
vn 0 1 0
vn 0 1 0
vn 0 1 0
vn 0 1 0
vn 0 1 0
vn 0 1 0
vn 0 1 0
vn 0 1 0
f 1062/1062/1062 1051/1051/1051 1055/1055/1055
f 1061/1061/1061 1062/1062/1062 1055/1055/1055
f 1052/1052/1052 1061/1061/1061 1060/1060/1060
f 1061/1061/1061 1056/1056/1056 1060/1060/1060
f 1056/1056/1056 1061/1061/1061 1055/1055/1055
f 1057/1057/1057 1056/1056/1056 1053/1053/1053
f 1058/1058/1058 1056/1056/1056 1057/1057/1057
f 1054/1054/1054 1059/1059/1059 1058/1058/1058
f 1058/1058/1058 1059/1059/1059 1060/1060/1060
f 1056/1056/1056 1058/1058/1058 1060/1060/1060
f 1068/1068/1068 1063/1063/1063 1065/1065/1065 1069/1069/1069
f 1064/1064/1064 1067/1067/1067 1070/1070/1070 1066/1066/1066
f 1067/1067/1067 1068/1068/1068 1069/1069/1069 1070/1070/1070
f 1076/1076/1076 1071/1071/1071 1077/1077/1077
f 1075/1075/1075 1076/1076/1076 1077/1077/1077
f 1072/1072/1072 1075/1075/1075 1082/1082/1082
f 1077/1077/1077 1082/1082/1082 1075/1075/1075
f 1082/1082/1082 1077/1077/1077 1078/1078/1078 1081/1081/1081
f 1079/1079/1079 1078/1078/1078 1073/1073/1073
f 1080/1080/1080 1078/1078/1078 1079/1079/1079
f 1074/1074/1074 1081/1081/1081 1080/1080/1080
f 1078/1078/1078 1080/1080/1080 1081/1081/1081
f 1090/1090/1090 1083/1083/1083 1085/1085/1085 1087/1087/1087
f 1084/1084/1084 1089/1089/1089 1088/1088/1088 1086/1086/1086
f 1089/1089/1089 1090/1090/1090 1087/1087/1087 1088/1088/1088
f 1091/1091/1091 1092/1092/1092 1098/1098/1098 1095/1095/1095
f 1097/1097/1097 1096/1096/1096 1095/1095/1095 1098/1098/1098
f 1096/1096/1096 1097/1097/1097 1094/1094/1094 1093/1093/1093
f 1099/1099/1099 1103/1103/1103 1106/1106/1106 1100/1100/1100
f 1105/1105/1105 1106/1106/1106 1103/1103/1103 1104/1104/1104
f 1104/1104/1104 1101/1101/1101 1102/1102/1102 1105/1105/1105
usemtl diffuse_0_0_0_255
v -349.25228881835938 0 -69.498298645019531
v -349.25228881835938 2000 -69.498298645019531
v -349.25228881835938 0 -224.45584106445313
v -349.25228881835938 2000 -224.45584106445313
v -349.25228881835938 0 -146.97706604003906
v -349.25228881835938 333.33334350585938 -146.97706604003906
v -349.25228881835938 166.66667175292969 -146.97706604003906
v -349.25228881835938 333.33334350585938 -108.23767852783203
v -349.25228881835938 166.66667175292969 -108.23767852783203
v -349.25228881835938 333.33334350585938 -185.71644592285156
v -349.25228881835938 166.66667175292969 -185.71644592285156
v -349.25228881835938 500 -224.45584106445313
v -349.25228881835938 1000 -224.45584106445313
v -349.25228881835938 1500 -224.45584106445313
v -349.25228881835938 2000 -146.97706604003906
v -349.25228881835938 1666.6666259765625 -146.97706604003906
v -349.25228881835938 1833.3333740234375 -146.97706604003906
v -349.25228881835938 1666.6666259765625 -185.71644592285156
v -349.25228881835938 1833.3333740234375 -185.71644592285156
v -349.25228881835938 1666.6666259765625 -108.23767852783203
v -349.25228881835938 1833.3333740234375 -108.23767852783203
v -349.25228881835938 1500 -69.498298645019531
v -349.25228881835938 1000 -69.498298645019531
v -349.25228881835938 500 -69.498298645019531
v -349.25228881835938 0 -224.45584106445313
v -349.25228881835938 1000 -224.45584106445313
v -349.25228881835938 2000 -224.45584106445313
v -549.2523193359375 0 -224.45584106445313
v -549.2523193359375 1000 -224.45584106445313
v -549.2523193359375 2000 -224.45584106445313
v -349.25228881835938 1500 -224.45584106445313
v -349.25228881835938 500 -224.45584106445313
v -449.25228881835938 0 -224.45584106445313
v -549.2523193359375 500 -224.45584106445313
v -449.25228881835938 500 -224.45584106445313
v -449.25228881835938 250 -224.45584106445313
v -399.25228881835938 500 -224.45584106445313
v -399.25228881835938 250 -224.45584106445313
v -499.25228881835938 500 -224.45584106445313
v -499.25228881835938 250 -224.45584106445313
v -549.2523193359375 1500 -224.45584106445313
v -449.25228881835938 2000 -224.45584106445313
v -449.25228881835938 1500 -224.45584106445313
v -449.25228881835938 1750 -224.45584106445313
v -499.25228881835938 1500 -224.45584106445313
v -499.25228881835938 1750 -224.45584106445313
v -399.25228881835938 1500 -224.45584106445313
v -399.25228881835938 1750 -224.45584106445313
v -549.2523193359375 0 -224.45584106445313
v -549.2523193359375 2000 -224.45584106445313
v -549.2523193359375 0 -69.498298645019531
v -549.2523193359375 2000 -69.498298645019531
v -549.2523193359375 1500 -224.45584106445313
v -549.2523193359375 1000 -224.45584106445313
v -549.2523193359375 500 -224.45584106445313
v -549.2523193359375 0 -146.97706604003906
v -549.2523193359375 333.33334350585938 -146.97706604003906
v -549.2523193359375 166.66667175292969 -146.97706604003906
v -549.2523193359375 333.33334350585938 -185.71644592285156
v -549.2523193359375 166.66667175292969 -185.71644592285156
v -549.2523193359375 333.33334350585938 -108.23767852783203
v -549.2523193359375 166.66667175292969 -108.23767852783203
v -549.2523193359375 500 -69.498298645019531
v -549.2523193359375 1000 -69.498298645019531
v -549.2523193359375 1500 -69.498298645019531
v -549.2523193359375 2000 -146.97706604003906
v -549.2523193359375 1666.6666259765625 -146.97706604003906
v -549.2523193359375 1833.3333740234375 -146.97706604003906
v -549.2523193359375 1666.6666259765625 -108.23767852783203
v -549.2523193359375 1833.3333740234375 -108.23767852783203
v -549.2523193359375 1666.6666259765625 -185.71644592285156
v -549.2523193359375 1833.3333740234375 -185.71644592285156
v -549.2523193359375 0 -69.498298645019531
v -549.2523193359375 1000 -69.498298645019531
v -549.2523193359375 2000 -69.498298645019531
v -349.25228881835938 0 -69.498298645019531
v -349.25228881835938 1000 -69.498298645019531
v -349.25228881835938 2000 -69.498298645019531
v -349.25228881835938 500 -69.498298645019531
v -349.25228881835938 1500 -69.498298645019531
v -549.2523193359375 1500 -69.498298645019531
v -549.2523193359375 500 -69.498298645019531
v -449.25228881835938 0 -69.498298645019531
v -449.25228881835938 500 -69.498298645019531
v -449.25228881835938 250 -69.498298645019531
v -499.25228881835938 500 -69.498298645019531
v -499.25228881835938 250 -69.498298645019531
v -399.25228881835938 500 -69.498298645019531
v -399.25228881835938 250 -69.498298645019531
v -449.25228881835938 2000 -69.498298645019531
v -449.25228881835938 1500 -69.498298645019531
v -449.25228881835938 1750 -69.498298645019531
v -399.25228881835938 1500 -69.498298645019531
v -399.25228881835938 1750 -69.498298645019531
v -499.25228881835938 1500 -69.498298645019531
v -499.25228881835938 1750 -69.498298645019531
v -349.25228881835938 0 -69.498298645019531
v -549.2523193359375 0 -69.498298645019531
v -349.25228881835938 0 -224.45584106445313
v -549.2523193359375 0 -224.45584106445313
v -349.25228881835938 0 -146.97706604003906
v -449.25228881835938 0 -224.45584106445313
v -549.2523193359375 0 -146.97706604003906
v -449.25228881835938 0 -69.498298645019531
v -349.25228881835938 2000 -69.498298645019531
v -549.2523193359375 2000 -69.498298645019531
v -349.25228881835938 2000 -224.45584106445313
v -549.2523193359375 2000 -224.45584106445313
v -349.25228881835938 2000 -146.97706604003906
v -449.25228881835938 2000 -224.45584106445313
v -549.2523193359375 2000 -146.97706604003906
v -449.25228881835938 2000 -69.498298645019531
vt 0.99853515625 0.45454546809196472
vt 0.090909093618392944 0.45454546809196472
vt 0.99853515625 0.52498072385787964
vt 0.090909093618392944 0.52498072385787964
vt 0.99853515625 0.48976308107376099
vt 0.84726417064666748 0.48976308107376099
vt 0.92289966344833374 0.48976308107376099
vt 0.84726417064666748 0.47215425968170166
vt 0.92289966344833374 0.47215425968170166
vt 0.84726417064666748 0.50737190246582031
vt 0.92289966344833374 0.50737190246582031
vt 0.77162861824035645 0.52498072385787964
vt 0.54472213983535767 0.52498072385787964
vt 0.31781560182571411 0.52498072385787964
vt 0.090909093618392944 0.48976308107376099
vt 0.24218012392520905 0.48976308107376099
vt 0.16654457151889801 0.48976308107376099
vt 0.24218012392520905 0.50737190246582031
vt 0.16654457151889801 0.50737190246582031
vt 0.24218012392520905 0.47215425968170166
vt 0.16654457151889801 0.47215425968170166
vt 0.31781560182571411 0.45454546809196472
vt 0.54472213983535767 0.45454546809196472
vt 0.77162861824035645 0.45454546809196472
vt 0.99853515625 0.65297830104827881
vt 0.54472213983535767 0.65297830104827881
vt 0.090909093618392944 0.65297830104827881
vt 0.99853515625 0.74388742446899414
vt 0.54472213983535767 0.74388742446899414
vt 0.090909093618392944 0.74388742446899414
vt 0.31781560182571411 0.65297830104827881
vt 0.77162861824035645 0.65297830104827881
vt 0.99853515625 0.69843286275863647
vt 0.77162861824035645 0.74388742446899414
vt 0.77162861824035645 0.69843286275863647
vt 0.88508188724517822 0.69843286275863647
vt 0.77162861824035645 0.67570561170578003
vt 0.88508188724517822 0.67570561170578003
vt 0.77162861824035645 0.7211601734161377
vt 0.88508188724517822 0.7211601734161377
vt 0.31781560182571411 0.74388742446899414
vt 0.090909093618392944 0.69843286275863647
vt 0.31781560182571411 0.69843286275863647
vt 0.20436234772205353 0.69843286275863647
vt 0.31781560182571411 0.7211601734161377
vt 0.20436234772205353 0.7211601734161377
vt 0.31781560182571411 0.67570561170578003
vt 0.20436234772205353 0.67570561170578003
vt 0.99853515625 0.25611257553100586
vt 0.090909093618392944 0.25611257553100586
vt 0.99853515625 0.32654783129692078
vt 0.090909093618392944 0.32654783129692078
vt 0.31781560182571411 0.25611257553100586
vt 0.54472213983535767 0.25611257553100586
vt 0.77162861824035645 0.25611257553100586
vt 0.99853515625 0.29133018851280212
vt 0.84726417064666748 0.29133018851280212
vt 0.92289966344833374 0.29133018851280212
vt 0.84726417064666748 0.27372139692306519
vt 0.92289966344833374 0.27372139692306519
vt 0.84726417064666748 0.30893900990486145
vt 0.92289966344833374 0.30893900990486145
vt 0.77162861824035645 0.32654783129692078
vt 0.54472213983535767 0.32654783129692078
vt 0.31781560182571411 0.32654783129692078
vt 0.090909093618392944 0.29133018851280212
vt 0.24218012392520905 0.29133018851280212
vt 0.16654457151889801 0.29133018851280212
vt 0.24218012392520905 0.30893900990486145
vt 0.16654457151889801 0.30893900990486145
vt 0.24218012392520905 0.27372139692306519
vt 0.16654457151889801 0.27372139692306519
vt 0 0
vt 0 0.45381304621696472
vt 0 0.90762609243392944
vt 0.089444249868392944 0
vt 0.089444249868392944 0.45381304621696472
vt 0.089444249868392944 0.90762609243392944
vt 0.089444249868392944 0.22690652310848236
vt 0.089444249868392944 0.68071955442428589
vt 0 0.68071955442428589
vt 0 0.22690652310848236
vt 0.044722124934196472 0
vt 0.044722124934196472 0.22690652310848236
vt 0.044722124934196472 0.11345326155424118
vt 0.022361062467098236 0.22690652310848236
vt 0.022361062467098236 0.11345326155424118
vt 0.067083187401294708 0.22690652310848236
vt 0.067083187401294708 0.11345326155424118
vt 0.044722124934196472 0.90762609243392944
vt 0.044722124934196472 0.68071955442428589
vt 0.044722124934196472 0.79417282342910767
vt 0.067083187401294708 0.68071955442428589
vt 0.067083187401294708 0.79417282342910767
vt 0.022361062467098236 0.68071955442428589
vt 0.022361062467098236 0.79417282342910767
vt 0.54545456171035767 0
vt 0.54545456171035767 0.090909093618392944
vt 0.6158897876739502 0
vt 0.6158897876739502 0.090909093618392944
vt 0.58067214488983154 0
vt 0.6158897876739502 0.045454546809196472
vt 0.58067214488983154 0.090909093618392944
vt 0.54545456171035767 0.045454546809196472
vt 0.090909093618392944 0
vt 0.090909093618392944 0.090909093618392944
vt 0.16134433448314667 0
vt 0.16134433448314667 0.090909093618392944
vt 0.12612670660018921 0
vt 0.16134433448314667 0.045454546809196472
vt 0.12612670660018921 0.090909093618392944
vt 0.090909093618392944 0.045454546809196472
vn 1 0 0
vn 1 0 0
vn 1 0 0
vn 1 0 0
vn 1 0 0
vn 1 0 0
vn 1 0 0
vn 1 0 0
vn 1 0 0
vn 1 0 0
vn 1 0 0
vn 1 0 0
vn 1 0 0
vn 1 0 0
vn 1 0 0
vn 1 0 0
vn 1 0 0
vn 1 0 0
vn 1 0 0
vn 1 0 0
vn 1 0 0
vn 1 0 0
vn 1 0 0
vn 1 0 0
vn 0 0 -1
vn 0 0 -1
vn 0 0 -1
vn 0 0 -1
vn 0 0 -1
vn 0 0 -1
vn 0 0 -1
vn 0 0 -1
vn 0 0 -1
vn 0 0 -1
vn 0 0 -1
vn 0 0 -1
vn 0 0 -1
vn 0 0 -1
vn 0 0 -1
vn 0 0 -1
vn 0 0 -1
vn 0 0 -1
vn 0 0 -1
vn 0 0 -1
vn 0 0 -1
vn 0 0 -1
vn 0 0 -1
vn 0 0 -1
vn -1 0 0
vn -1 0 0
vn -1 0 0
vn -1 0 0
vn -1 0 0
vn -1 0 0
vn -1 0 0
vn -1 0 0
vn -1 0 0
vn -1 0 0
vn -1 0 0
vn -1 0 0
vn -1 0 0
vn -1 0 0
vn -1 0 0
vn -1 0 0
vn -1 0 0
vn -1 0 0
vn -1 0 0
vn -1 0 0
vn -1 0 0
vn -1 0 0
vn -1 0 0
vn -1 0 0
vn 0 0 1
vn 0 0 1
vn 0 0 1
vn 0 0 1
vn 0 0 1
vn 0 0 1
vn 0 0 1
vn 0 0 1
vn 0 0 1
vn 0 0 1
vn 0 0 1
vn 0 0 1
vn 0 0 1
vn 0 0 1
vn 0 0 1
vn 0 0 1
vn 0 0 1
vn 0 0 1
vn 0 0 1
vn 0 0 1
vn 0 0 1
vn 0 0 1
vn 0 0 1
vn 0 0 1
vn 0 -1 0
vn 0 -1 0
vn 0 -1 0
vn 0 -1 0
vn 0 -1 0
vn 0 -1 0
vn 0 -1 0
vn 0 -1 0
vn 0 1 0
vn 0 1 0
vn 0 1 0
vn 0 1 0
vn 0 1 0
vn 0 1 0
vn 0 1 0
vn 0 1 0
f 1112/1112/1112 1114/1114/1114 1115/1115/1115 1113/1113/1113
f 1116/1116/1116 1112/1112/1112 1113/1113/1113 1117/1117/1117
f 1125/1125/1125 1123/1123/1123 1122/1122/1122 1124/1124/1124
f 1123/1123/1123 1127/1127/1127 1126/1126/1126 1122/1122/1122
f 1114/1114/1114 1107/1107/1107 1115/1115/1115
f 1111/1111/1111 1115/1115/1115 1107/1107/1107
f 1130/1130/1130 1107/1107/1107 1114/1114/1114
f 1115/1115/1115 1111/1111/1111 1113/1113/1113
f 1117/1117/1117 1113/1113/1113 1111/1111/1111
f 1130/1130/1130 1114/1114/1114 1112/1112/1112
f 1129/1129/1129 1130/1130/1130 1112/1112/1112
f 1122/1122/1122 1126/1126/1126 1128/1128/1128
f 1127/1127/1127 1108/1108/1108 1126/1126/1126
f 1128/1128/1128 1126/1126/1126 1108/1108/1108
f 1121/1121/1121 1108/1108/1108 1127/1127/1127
f 1122/1122/1122 1128/1128/1128 1129/1129/1129
f 1112/1112/1112 1119/1119/1119 1129/1129/1129
f 1116/1116/1116 1117/1117/1117 1109/1109/1109
f 1111/1111/1111 1109/1109/1109 1117/1117/1117
f 1118/1118/1118 1116/1116/1116 1109/1109/1109
f 1118/1118/1118 1112/1112/1112 1116/1116/1116
f 1118/1118/1118 1119/1119/1119 1112/1112/1112
f 1129/1129/1129 1119/1119/1119 1122/1122/1122
f 1120/1120/1120 1122/1122/1122 1119/1119/1119
f 1125/1125/1125 1121/1121/1121 1123/1123/1123
f 1127/1127/1127 1123/1123/1123 1121/1121/1121
f 1125/1125/1125 1124/1124/1124 1110/1110/1110
f 1120/1120/1120 1110/1110/1110 1124/1124/1124
f 1121/1121/1121 1125/1125/1125 1110/1110/1110
f 1124/1124/1124 1122/1122/1122 1120/1120/1120
f 1141/1141/1141 1143/1143/1143 1144/1144/1144 1142/1142/1142
f 1145/1145/1145 1141/1141/1141 1142/1142/1142 1146/1146/1146
f 1152/1152/1152 1150/1150/1150 1149/1149/1149 1151/1151/1151
f 1150/1150/1150 1154/1154/1154 1153/1153/1153 1149/1149/1149
f 1138/1138/1138 1131/1131/1131 1144/1144/1144
f 1139/1139/1139 1144/1144/1144 1131/1131/1131
f 1143/1143/1143 1138/1138/1138 1144/1144/1144
f 1139/1139/1139 1142/1142/1142 1144/1144/1144
f 1146/1146/1146 1142/1142/1142 1139/1139/1139
f 1132/1132/1132 1138/1138/1138 1143/1143/1143
f 1153/1153/1153 1137/1137/1137 1132/1132/1132
f 1154/1154/1154 1133/1133/1133 1137/1137/1137
f 1153/1153/1153 1132/1132/1132 1149/1149/1149
f 1132/1132/1132 1141/1141/1141 1135/1135/1135
f 1137/1137/1137 1153/1153/1153 1154/1154/1154
f 1141/1141/1141 1132/1132/1132 1143/1143/1143
f 1148/1148/1148 1133/1133/1133 1154/1154/1154
f 1141/1141/1141 1145/1145/1145 1135/1135/1135
f 1140/1140/1140 1145/1145/1145 1146/1146/1146
f 1149/1149/1149 1132/1132/1132 1135/1135/1135
f 1146/1146/1146 1134/1134/1134 1140/1140/1140
f 1145/1145/1145 1140/1140/1140 1135/1135/1135
f 1134/1134/1134 1146/1146/1146 1139/1139/1139
f 1151/1151/1151 1149/1149/1149 1135/1135/1135
f 1152/1152/1152 1148/1148/1148 1150/1150/1150
f 1154/1154/1154 1150/1150/1150 1148/1148/1148
f 1136/1136/1136 1152/1152/1152 1147/1147/1147
f 1151/1151/1151 1147/1147/1147 1152/1152/1152
f 1148/1148/1148 1152/1152/1152 1136/1136/1136
f 1147/1147/1147 1151/1151/1151 1135/1135/1135
f 1163/1163/1163 1165/1165/1165 1166/1166/1166 1164/1164/1164
f 1167/1167/1167 1163/1163/1163 1164/1164/1164 1168/1168/1168
f 1176/1176/1176 1174/1174/1174 1173/1173/1173 1175/1175/1175
f 1174/1174/1174 1178/1178/1178 1177/1177/1177 1173/1173/1173
f 1165/1165/1165 1155/1155/1155 1166/1166/1166
f 1162/1162/1162 1166/1166/1166 1155/1155/1155
f 1161/1161/1161 1155/1155/1155 1165/1165/1165
f 1166/1166/1166 1162/1162/1162 1164/1164/1164
f 1168/1168/1168 1164/1164/1164 1162/1162/1162
f 1161/1161/1161 1165/1165/1165 1163/1163/1163
f 1160/1160/1160 1161/1161/1161 1163/1163/1163
f 1173/1173/1173 1177/1177/1177 1159/1159/1159
f 1178/1178/1178 1156/1156/1156 1177/1177/1177
f 1159/1159/1159 1177/1177/1177 1156/1156/1156
f 1172/1172/1172 1156/1156/1156 1178/1178/1178
f 1173/1173/1173 1159/1159/1159 1160/1160/1160
f 1163/1163/1163 1170/1170/1170 1160/1160/1160
f 1167/1167/1167 1168/1168/1168 1157/1157/1157
f 1162/1162/1162 1157/1157/1157 1168/1168/1168
f 1169/1169/1169 1167/1167/1167 1157/1157/1157
f 1169/1169/1169 1163/1163/1163 1167/1167/1167
f 1169/1169/1169 1170/1170/1170 1163/1163/1163
f 1160/1160/1160 1170/1170/1170 1173/1173/1173
f 1171/1171/1171 1173/1173/1173 1170/1170/1170
f 1176/1176/1176 1172/1172/1172 1174/1174/1174
f 1178/1178/1178 1174/1174/1174 1172/1172/1172
f 1176/1176/1176 1175/1175/1175 1158/1158/1158
f 1171/1171/1171 1158/1158/1158 1175/1175/1175
f 1172/1172/1172 1176/1176/1176 1158/1158/1158
f 1175/1175/1175 1173/1173/1173 1171/1171/1171
f 1190/1190/1190 1192/1192/1192 1193/1193/1193 1191/1191/1191
f 1194/1194/1194 1190/1190/1190 1191/1191/1191 1195/1195/1195
f 1200/1200/1200 1198/1198/1198 1197/1197/1197 1199/1199/1199
f 1198/1198/1198 1202/1202/1202 1201/1201/1201 1197/1197/1197
f 1188/1188/1188 1179/1179/1179 1193/1193/1193
f 1189/1189/1189 1193/1193/1193 1179/1179/1179
f 1192/1192/1192 1188/1188/1188 1193/1193/1193
f 1189/1189/1189 1191/1191/1191 1193/1193/1193
f 1195/1195/1195 1191/1191/1191 1189/1189/1189
f 1180/1180/1180 1188/1188/1188 1192/1192/1192
f 1201/1201/1201 1187/1187/1187 1180/1180/1180
f 1202/1202/1202 1181/1181/1181 1187/1187/1187
f 1201/1201/1201 1180/1180/1180 1197/1197/1197
f 1180/1180/1180 1190/1190/1190 1183/1183/1183
f 1187/1187/1187 1201/1201/1201 1202/1202/1202
f 1190/1190/1190 1180/1180/1180 1192/1192/1192
f 1196/1196/1196 1181/1181/1181 1202/1202/1202
f 1190/1190/1190 1194/1194/1194 1183/1183/1183
f 1185/1185/1185 1194/1194/1194 1195/1195/1195
f 1197/1197/1197 1180/1180/1180 1183/1183/1183
f 1195/1195/1195 1182/1182/1182 1185/1185/1185
f 1194/1194/1194 1185/1185/1185 1183/1183/1183
f 1182/1182/1182 1195/1195/1195 1189/1189/1189
f 1199/1199/1199 1197/1197/1197 1183/1183/1183
f 1200/1200/1200 1196/1196/1196 1198/1198/1198
f 1202/1202/1202 1198/1198/1198 1196/1196/1196
f 1184/1184/1184 1200/1200/1200 1186/1186/1186
f 1199/1199/1199 1186/1186/1186 1200/1200/1200
f 1196/1196/1196 1200/1200/1200 1184/1184/1184
f 1186/1186/1186 1199/1199/1199 1183/1183/1183
f 1210/1210/1210 1207/1207/1207 1203/1203/1203
f 1210/1210/1210 1204/1204/1204 1209/1209/1209
f 1208/1208/1208 1207/1207/1207 1210/1210/1210
f 1210/1210/1210 1209/1209/1209 1208/1208/1208
f 1208/1208/1208 1209/1209/1209 1206/1206/1206
f 1205/1205/1205 1207/1207/1207 1208/1208/1208
f 1218/1218/1218 1211/1211/1211 1215/1215/1215
f 1218/1218/1218 1217/1217/1217 1212/1212/1212
f 1216/1216/1216 1218/1218/1218 1215/1215/1215
f 1218/1218/1218 1216/1216/1216 1217/1217/1217
f 1216/1216/1216 1214/1214/1214 1217/1217/1217
f 1213/1213/1213 1216/1216/1216 1215/1215/1215
usemtl diffuse_0_0_0_255
v -192.14848327636719 0 -3018.86669921875
v -192.14848327636719 2000 -3018.86669921875
v -192.14848327636719 0 -6611.7060546875
v -192.14848327636719 2000 -6611.7060546875
v -192.14848327636719 0 -3917.07666015625
v -192.14848327636719 0 -4815.28662109375
v -192.14848327636719 0 -5713.49609375
v -192.14848327636719 666.66668701171875 -6611.7060546875
v -192.14848327636719 1333.3333740234375 -6611.7060546875
v -192.14848327636719 2000 -5713.49609375
v -192.14848327636719 2000 -4815.28662109375
v -192.14848327636719 2000 -3917.07666015625
v -192.14848327636719 1333.3333740234375 -3018.86669921875
v -192.14848327636719 666.66668701171875 -3018.86669921875
v -192.14848327636719 0 -6611.7060546875
v -192.14848327636719 2000 -6611.7060546875
v -392.14849853515625 0 -6611.7060546875
v -392.14849853515625 2000 -6611.7060546875
v -192.14848327636719 1333.3333740234375 -6611.7060546875
v -192.14848327636719 666.66668701171875 -6611.7060546875
v -392.14849853515625 666.66668701171875 -6611.7060546875
v -392.14849853515625 1333.3333740234375 -6611.7060546875
v -392.14849853515625 0 -6611.7060546875
v -392.14849853515625 2000 -6611.7060546875
v -392.14849853515625 0 -3018.86669921875
v -392.14849853515625 2000 -3018.86669921875
v -392.14849853515625 1333.3333740234375 -6611.7060546875
v -392.14849853515625 666.66668701171875 -6611.7060546875
v -392.14849853515625 2000 -4815.28662109375
v -392.14849853515625 0 -4815.28662109375
v -392.14849853515625 0 -5713.49609375
v -392.14849853515625 0 -3917.07666015625
v -392.14849853515625 666.66668701171875 -3018.86669921875
v -392.14849853515625 1333.3333740234375 -3018.86669921875
v -392.14849853515625 2000 -3917.07666015625
v -392.14849853515625 2000 -5713.49609375
v -392.14849853515625 0 -3018.86669921875
v -392.14849853515625 2000 -3018.86669921875
v -192.14848327636719 0 -3018.86669921875
v -192.14848327636719 2000 -3018.86669921875
v -192.14848327636719 666.66668701171875 -3018.86669921875
v -192.14848327636719 1333.3333740234375 -3018.86669921875
v -392.14849853515625 1333.3333740234375 -3018.86669921875
v -392.14849853515625 666.66668701171875 -3018.86669921875
v -192.14848327636719 0 -3018.86669921875
v -392.14849853515625 0 -3018.86669921875
v -192.14848327636719 0 -6611.7060546875
v -392.14849853515625 0 -6611.7060546875
v -192.14848327636719 0 -3917.07666015625
v -192.14848327636719 0 -4815.28662109375
v -192.14848327636719 0 -5713.49609375
v -392.14849853515625 0 -5713.49609375
v -392.14849853515625 0 -4815.28662109375
v -392.14849853515625 0 -3917.07666015625
v -192.14848327636719 2000 -3018.86669921875
v -392.14849853515625 2000 -3018.86669921875
v -192.14848327636719 2000 -6611.7060546875
v -392.14849853515625 2000 -6611.7060546875
v -192.14848327636719 2000 -3917.07666015625
v -192.14848327636719 2000 -4815.28662109375
v -192.14848327636719 2000 -5713.49609375
v -392.14849853515625 2000 -5713.49609375
v -392.14849853515625 2000 -4815.28662109375
v -392.14849853515625 2000 -3917.07666015625
vt 0.18211455643177032 0.45528638362884521
vt 0.18211455643177032 0.90910792350769043
vt 0.99853515625 0.45528638362884521
vt 0.99853515625 0.90910792350769043
vt 0.38621971011161804 0.45528638362884521
vt 0.59032487869262695 0.45528638362884521
vt 0.79443001747131348 0.45528638362884521
vt 0.99853515625 0.60656023025512695
vt 0.99853515625 0.75783407688140869
vt 0.79443001747131348 0.90910792350769043
vt 0.59032487869262695 0.90910792350769043
vt 0.38621971011161804 0.90910792350769043
vt 0.18211455643177032 0.75783407688140869
vt 0.18211455643177032 0.60656023025512695
vt 0.045528639107942581 0
vt 0.045528639107942581 0.45528638362884521
vt 0.089592434465885162 0
vt 0.089592434465885162 0.45528638362884521
vt 0.045528639107942581 0.30352425575256348
vt 0.045528639107942581 0.15176212787628174
vt 0.089592434465885162 0.15176212787628174
vt 0.089592434465885162 0.30352425575256348
vt 0.18211455643177032 0
vt 0.18211455643177032 0.45382153987884521
vt 0.99853515625 0
vt 0.99853515625 0.45382153987884521
vt 0.18211455643177032 0.30254769325256348
vt 0.18211455643177032 0.15127384662628174
vt 0.59032487869262695 0.45382153987884521
vt 0.59032487869262695 0
vt 0.38621971011161804 0
vt 0.79443001747131348 0
vt 0.99853515625 0.15127384662628174
vt 0.99853515625 0.30254769325256348
vt 0.79443001747131348 0.45382153987884521
vt 0.38621971011161804 0.45382153987884521
vt 0 0
vt 0 0.45528638362884521
vt 0.044063795357942581 0
vt 0.044063795357942581 0.45528638362884521
vt 0.044063795357942581 0.15176212787628174
vt 0.044063795357942581 0.30352425575256348
vt 0 0.30352425575256348
vt 0 0.15176212787628174
vt 0.18064971268177032 0
vt 0.13658590614795685 0
vt 0.18064971268177032 0.81788545846939087
vt 0.13658590614795685 0.81788545846939087
vt 0.18064971268177032 0.20447136461734772
vt 0.18064971268177032 0.40894272923469543
vt 0.18064971268177032 0.61341410875320435
vt 0.13658590614795685 0.61341410875320435
vt 0.13658590614795685 0.40894272923469543
vt 0.13658590614795685 0.20447136461734772
vt 0.13512106239795685 0
vt 0.091057278215885162 0
vt 0.13512106239795685 0.81788545846939087
vt 0.091057278215885162 0.81788545846939087
vt 0.13512106239795685 0.20447136461734772
vt 0.13512106239795685 0.40894272923469543
vt 0.13512106239795685 0.61341410875320435
vt 0.091057278215885162 0.61341410875320435
vt 0.091057278215885162 0.40894272923469543
vt 0.091057278215885162 0.20447136461734772
vn 1 0 0
vn 1 0 0
vn 1 0 0
vn 1 0 0
vn 1 0 0
vn 1 0 0
vn 1 0 0
vn 1 0 0
vn 1 0 0
vn 1 0 0
vn 1 0 0
vn 1 0 0
vn 1 0 0
vn 1 0 0
vn 0 0 -1
vn 0 0 -1
vn 0 0 -1
vn 0 0 -1
vn 0 0 -1
vn 0 0 -1
vn 0 0 -1
vn 0 0 -1
vn -1 0 0
vn -1 0 0
vn -1 0 0
vn -1 0 0
vn -1 0 0
vn -1 0 0
vn -1 0 0
vn -1 0 0
vn -1 0 0
vn -1 0 0
vn -1 0 0
vn -1 0 0
vn -1 0 0
vn -1 0 0
vn 0 0 1
vn 0 0 1
vn 0 0 1
vn 0 0 1
vn 0 0 1
vn 0 0 1
vn 0 0 1
vn 0 0 1
vn 0 -1 0
vn 0 -1 0
vn 0 -1 0
vn 0 -1 0
vn 0 -1 0
vn 0 -1 0
vn 0 -1 0
vn 0 -1 0
vn 0 -1 0
vn 0 -1 0
vn 0 1 0
vn 0 1 0
vn 0 1 0
vn 0 1 0
vn 0 1 0
vn 0 1 0
vn 0 1 0
vn 0 1 0
vn 0 1 0
vn 0 1 0
f 1232/1232/1232 1219/1219/1219 1223/1223/1223
f 1232/1232/1232 1223/1223/1223 1224/1224/1224
f 1231/1231/1231 1232/1232/1232 1224/1224/1224
f 1231/1231/1231 1230/1230/1230 1220/1220/1220
f 1230/1230/1230 1231/1231/1231 1229/1229/1229
f 1229/1229/1229 1231/1231/1231 1224/1224/1224
f 1226/1226/1226 1225/1225/1225 1221/1221/1221
f 1226/1226/1226 1227/1227/1227 1224/1224/1224
f 1227/1227/1227 1228/1228/1228 1229/1229/1229
f 1228/1228/1228 1227/1227/1227 1222/1222/1222
f 1229/1229/1229 1224/1224/1224 1227/1227/1227
f 1225/1225/1225 1226/1226/1226 1224/1224/1224
f 1238/1238/1238 1233/1233/1233 1235/1235/1235 1239/1239/1239
f 1234/1234/1234 1237/1237/1237 1240/1240/1240 1236/1236/1236
f 1237/1237/1237 1238/1238/1238 1239/1239/1239 1240/1240/1240
f 1246/1246/1246 1241/1241/1241 1249/1249/1249
f 1246/1246/1246 1249/1249/1249 1248/1248/1248
f 1245/1245/1245 1246/1246/1246 1248/1248/1248
f 1245/1245/1245 1254/1254/1254 1242/1242/1242
f 1254/1254/1254 1245/1245/1245 1247/1247/1247
f 1247/1247/1247 1245/1245/1245 1248/1248/1248
f 1251/1251/1251 1250/1250/1250 1243/1243/1243
f 1251/1251/1251 1252/1252/1252 1248/1248/1248
f 1252/1252/1252 1253/1253/1253 1247/1247/1247
f 1253/1253/1253 1252/1252/1252 1244/1244/1244
f 1247/1247/1247 1248/1248/1248 1252/1252/1252
f 1250/1250/1250 1251/1251/1251 1248/1248/1248
f 1262/1262/1262 1255/1255/1255 1257/1257/1257 1259/1259/1259
f 1256/1256/1256 1261/1261/1261 1260/1260/1260 1258/1258/1258
f 1261/1261/1261 1262/1262/1262 1259/1259/1259 1260/1260/1260
f 1263/1263/1263 1264/1264/1264 1272/1272/1272 1267/1267/1267
f 1271/1271/1271 1268/1268/1268 1267/1267/1267 1272/1272/1272
f 1268/1268/1268 1271/1271/1271 1270/1270/1270 1269/1269/1269
f 1266/1266/1266 1265/1265/1265 1269/1269/1269 1270/1270/1270
f 1273/1273/1273 1277/1277/1277 1282/1282/1282 1274/1274/1274
f 1281/1281/1281 1282/1282/1282 1277/1277/1277 1278/1278/1278
f 1278/1278/1278 1279/1279/1279 1280/1280/1280 1281/1281/1281
f 1276/1276/1276 1280/1280/1280 1279/1279/1279 1275/1275/1275
usemtl diffuse_0_0_0_255
v -3791.848876953125 0 -1481.020263671875
v -3791.848876953125 2000 -1481.020263671875
v -349.63970947265625 0 -1481.020263671875
v -349.63970947265625 2000 -1481.020263671875
v -2931.296630859375 0 -1481.020263671875
v -2070.744384765625 0 -1481.020263671875
v -1210.1920166015625 0 -1481.020263671875
v -2070.744384765625 2000 -1481.020263671875
v -349.63970947265625 666.66668701171875 -1481.020263671875
v -349.63970947265625 1333.3333740234375 -1481.020263671875
v -1210.1920166015625 2000 -1481.020263671875
v -2931.296630859375 2000 -1481.020263671875
v -3791.848876953125 1333.3333740234375 -1481.020263671875
v -3791.848876953125 666.66668701171875 -1481.020263671875
v -349.63970947265625 0 -1481.020263671875
v -349.63970947265625 2000 -1481.020263671875
v -349.63970947265625 0 -1681.020263671875
v -349.63970947265625 2000 -1681.020263671875
v -349.63970947265625 1333.3333740234375 -1481.020263671875
v -349.63970947265625 666.66668701171875 -1481.020263671875
v -349.63970947265625 666.66668701171875 -1681.020263671875
v -349.63970947265625 1333.3333740234375 -1681.020263671875
v -349.63970947265625 0 -1681.020263671875
v -349.63970947265625 2000 -1681.020263671875
v -3791.848876953125 0 -1681.020263671875
v -3791.848876953125 2000 -1681.020263671875
v -349.63970947265625 1333.3333740234375 -1681.020263671875
v -349.63970947265625 666.66668701171875 -1681.020263671875
v -2070.744384765625 2000 -1681.020263671875
v -2070.744384765625 0 -1681.020263671875
v -1210.1920166015625 0 -1681.020263671875
v -2931.296630859375 0 -1681.020263671875
v -3791.848876953125 666.66668701171875 -1681.020263671875
v -3791.848876953125 1333.3333740234375 -1681.020263671875
v -2931.296630859375 2000 -1681.020263671875
v -1210.1920166015625 2000 -1681.020263671875
v -3791.848876953125 0 -1681.020263671875
v -3791.848876953125 2000 -1681.020263671875
v -3791.848876953125 0 -1481.020263671875
v -3791.848876953125 2000 -1481.020263671875
v -3791.848876953125 666.66668701171875 -1481.020263671875
v -3791.848876953125 1333.3333740234375 -1481.020263671875
v -3791.848876953125 1333.3333740234375 -1681.020263671875
v -3791.848876953125 666.66668701171875 -1681.020263671875
v -3791.848876953125 0 -1481.020263671875
v -3791.848876953125 0 -1681.020263671875
v -349.63970947265625 0 -1481.020263671875
v -349.63970947265625 0 -1681.020263671875
v -2931.296630859375 0 -1481.020263671875
v -2070.744384765625 0 -1481.020263671875
v -1210.1920166015625 0 -1481.020263671875
v -1210.1920166015625 0 -1681.020263671875
v -2070.744384765625 0 -1681.020263671875
v -2931.296630859375 0 -1681.020263671875
v -3791.848876953125 2000 -1481.020263671875
v -3791.848876953125 2000 -1681.020263671875
v -349.63970947265625 2000 -1481.020263671875
v -349.63970947265625 2000 -1681.020263671875
v -2931.296630859375 2000 -1481.020263671875
v -2070.744384765625 2000 -1481.020263671875
v -1210.1920166015625 2000 -1481.020263671875
v -1210.1920166015625 2000 -1681.020263671875
v -2070.744384765625 2000 -1681.020263671875
v -2931.296630859375 2000 -1681.020263671875
vt 0.18858098983764648 0.47145247459411621
vt 0.18858098983764648 0.94144010543823242
vt 0.99853515625 0.47145247459411621
vt 0.99853515625 0.94144010543823242
vt 0.39106953144073486 0.47145247459411621
vt 0.59355807304382324 0.47145247459411621
vt 0.79604661464691162 0.47145247459411621
vt 0.59355807304382324 0.94144010543823242
vt 0.99853515625 0.62811499834060669
vt 0.99853515625 0.78477758169174194
vt 0.79604661464691162 0.94144010543823242
vt 0.39106953144073486 0.94144010543823242
vt 0.18858098983764648 0.78477758169174194
vt 0.18858098983764648 0.62811499834060669
vt 0.047145247459411621 0
vt 0.047145247459411621 0.47145247459411621
vt 0.092825651168823242 0
vt 0.092825651168823242 0.47145247459411621
vt 0.047145247459411621 0.31430166959762573
vt 0.047145247459411621 0.15715083479881287
vt 0.092825651168823242 0.15715083479881287
vt 0.092825651168823242 0.31430166959762573
vt 0.18858098983764648 0
vt 0.18858098983764648 0.46998763084411621
vt 0.99853515625 0
vt 0.99853515625 0.46998763084411621
vt 0.18858098983764648 0.31332510709762573
vt 0.18858098983764648 0.15666255354881287
vt 0.59355807304382324 0.46998763084411621
vt 0.59355807304382324 0
vt 0.39106953144073486 0
vt 0.79604661464691162 0
vt 0.99853515625 0.15666255354881287
vt 0.99853515625 0.31332510709762573
vt 0.79604661464691162 0.46998763084411621
vt 0.39106953144073486 0.46998763084411621
vt 0 0
vt 0 0.47145247459411621
vt 0.045680403709411621 0
vt 0.045680403709411621 0.47145247459411621
vt 0.045680403709411621 0.15715083479881287
vt 0.045680403709411621 0.31430166959762573
vt 0 0.31430166959762573
vt 0 0.15715083479881287
vt 0.18711614608764648 0
vt 0.14143574237823486 0
vt 0.18711614608764648 0.81141901016235352
vt 0.14143574237823486 0.81141901016235352
vt 0.18711614608764648 0.20285475254058838
vt 0.18711614608764648 0.40570950508117676
vt 0.18711614608764648 0.60856425762176514
vt 0.14143574237823486 0.60856425762176514
vt 0.14143574237823486 0.40570950508117676
vt 0.14143574237823486 0.20285475254058838
vt 0.13997089862823486 0
vt 0.094290494918823242 0
vt 0.13997089862823486 0.81141901016235352
vt 0.094290494918823242 0.81141901016235352
vt 0.13997089862823486 0.20285475254058838
vt 0.13997089862823486 0.40570950508117676
vt 0.13997089862823486 0.60856425762176514
vt 0.094290494918823242 0.60856425762176514
vt 0.094290494918823242 0.40570950508117676
vt 0.094290494918823242 0.20285475254058838
vn 0 0 1
vn 0 0 1
vn 0 0 1
vn 0 0 1
vn 0 0 1
vn 0 0 1
vn 0 0 1
vn 0 0 1
vn 0 0 1
vn 0 0 1
vn 0 0 1
vn 0 0 1
vn 0 0 1
vn 0 0 1
vn 1 0 0
vn 1 0 0
vn 1 0 0
vn 1 0 0
vn 1 0 0
vn 1 0 0
vn 1 0 0
vn 1 0 0
vn 0 0 -1
vn 0 0 -1
vn 0 0 -1
vn 0 0 -1
vn 0 0 -1
vn 0 0 -1
vn 0 0 -1
vn 0 0 -1
vn 0 0 -1
vn 0 0 -1
vn 0 0 -1
vn 0 0 -1
vn 0 0 -1
vn 0 0 -1
vn -1 0 0
vn -1 0 0
vn -1 0 0
vn -1 0 0
vn -1 0 0
vn -1 0 0
vn -1 0 0
vn -1 0 0
vn 0 -1 0
vn 0 -1 0
vn 0 -1 0
vn 0 -1 0
vn 0 -1 0
vn 0 -1 0
vn 0 -1 0
vn 0 -1 0
vn 0 -1 0
vn 0 -1 0
vn 0 1 0
vn 0 1 0
vn 0 1 0
vn 0 1 0
vn 0 1 0
vn 0 1 0
vn 0 1 0
vn 0 1 0
vn 0 1 0
vn 0 1 0
f 1296/1296/1296 1283/1283/1283 1287/1287/1287
f 1296/1296/1296 1288/1288/1288 1295/1295/1295
f 1294/1294/1294 1284/1284/1284 1295/1295/1295
f 1295/1295/1295 1290/1290/1290 1294/1294/1294
f 1288/1288/1288 1290/1290/1290 1295/1295/1295
f 1288/1288/1288 1296/1296/1296 1287/1287/1287
f 1291/1291/1291 1288/1288/1288 1289/1289/1289
f 1291/1291/1291 1289/1289/1289 1285/1285/1285
f 1290/1290/1290 1292/1292/1292 1293/1293/1293
f 1291/1291/1291 1292/1292/1292 1288/1288/1288
f 1293/1293/1293 1292/1292/1292 1286/1286/1286
f 1288/1288/1288 1292/1292/1292 1290/1290/1290
f 1302/1302/1302 1297/1297/1297 1299/1299/1299 1303/1303/1303
f 1298/1298/1298 1301/1301/1301 1304/1304/1304 1300/1300/1300
f 1301/1301/1301 1302/1302/1302 1303/1303/1303 1304/1304/1304
f 1310/1310/1310 1305/1305/1305 1313/1313/1313
f 1310/1310/1310 1313/1313/1313 1312/1312/1312
f 1309/1309/1309 1310/1310/1310 1312/1312/1312
f 1309/1309/1309 1318/1318/1318 1306/1306/1306
f 1318/1318/1318 1309/1309/1309 1311/1311/1311
f 1311/1311/1311 1309/1309/1309 1312/1312/1312
f 1315/1315/1315 1314/1314/1314 1307/1307/1307
f 1315/1315/1315 1316/1316/1316 1312/1312/1312
f 1316/1316/1316 1317/1317/1317 1311/1311/1311
f 1317/1317/1317 1316/1316/1316 1308/1308/1308
f 1311/1311/1311 1312/1312/1312 1316/1316/1316
f 1314/1314/1314 1315/1315/1315 1312/1312/1312
f 1326/1326/1326 1319/1319/1319 1321/1321/1321 1323/1323/1323
f 1320/1320/1320 1325/1325/1325 1324/1324/1324 1322/1322/1322
f 1325/1325/1325 1326/1326/1326 1323/1323/1323 1324/1324/1324
f 1327/1327/1327 1328/1328/1328 1336/1336/1336 1331/1331/1331
f 1335/1335/1335 1332/1332/1332 1331/1331/1331 1336/1336/1336
f 1332/1332/1332 1335/1335/1335 1334/1334/1334 1333/1333/1333
f 1330/1330/1330 1329/1329/1329 1333/1333/1333 1334/1334/1334
f 1337/1337/1337 1341/1341/1341 1346/1346/1346 1338/1338/1338
f 1345/1345/1345 1346/1346/1346 1341/1341/1341 1342/1342/1342
f 1342/1342/1342 1343/1343/1343 1344/1344/1344 1345/1345/1345
f 1340/1340/1340 1344/1344/1344 1343/1343/1343 1339/1339/1339
usemtl diffuse_0_0_0_255
v -3939.652099609375 0 -6642.47119140625
v -3939.652099609375 2000 -6642.47119140625
v -3939.652099609375 0 -1481.020263671875
v -3939.652099609375 2000 -1481.020263671875
v -3939.652099609375 0 -5905.12109375
v -3939.652099609375 0 -5167.77099609375
v -3939.652099609375 0 -4430.4208984375
v -3939.652099609375 0 -3693.070556640625
v -3939.652099609375 0 -2955.720458984375
v -3939.652099609375 0 -2218.370361328125
v -3939.652099609375 666.66668701171875 -1481.020263671875
v -3939.652099609375 1333.3333740234375 -1481.020263671875
v -3939.652099609375 2000 -2218.370361328125
v -3939.652099609375 2000 -2955.720458984375
v -3939.652099609375 2000 -3693.070556640625
v -3939.652099609375 2000 -4430.4208984375
v -3939.652099609375 2000 -5167.77099609375
v -3939.652099609375 2000 -5905.12109375
v -3939.652099609375 1333.3333740234375 -6642.47119140625
v -3939.652099609375 666.66668701171875 -6642.47119140625
v -3939.652099609375 0 -1481.020263671875
v -3939.652099609375 2000 -1481.020263671875
v -3739.652099609375 0 -1481.020263671875
v -3739.652099609375 2000 -1481.020263671875
v -3939.652099609375 1333.3333740234375 -1481.020263671875
v -3939.652099609375 666.66668701171875 -1481.020263671875
v -3739.652099609375 666.66668701171875 -1481.020263671875
v -3739.652099609375 1333.3333740234375 -1481.020263671875
v -3739.652099609375 0 -1481.020263671875
v -3739.652099609375 2000 -1481.020263671875
v -3739.652099609375 0 -6642.47119140625
v -3739.652099609375 2000 -6642.47119140625
v -3739.652099609375 1333.3333740234375 -1481.020263671875
v -3739.652099609375 666.66668701171875 -1481.020263671875
v -3739.652099609375 0 -2218.370361328125
v -3739.652099609375 0 -2955.720458984375
v -3739.652099609375 0 -3693.070556640625
v -3739.652099609375 0 -4430.4208984375
v -3739.652099609375 0 -5167.77099609375
v -3739.652099609375 0 -5905.12109375
v -3739.652099609375 666.66668701171875 -6642.47119140625
v -3739.652099609375 1333.3333740234375 -6642.47119140625
v -3739.652099609375 2000 -5905.12109375
v -3739.652099609375 2000 -5167.77099609375
v -3739.652099609375 2000 -4430.4208984375
v -3739.652099609375 2000 -3693.070556640625
v -3739.652099609375 2000 -2955.720458984375
v -3739.652099609375 2000 -2218.370361328125
v -3739.652099609375 0 -6642.47119140625
v -3739.652099609375 2000 -6642.47119140625
v -3939.652099609375 0 -6642.47119140625
v -3939.652099609375 2000 -6642.47119140625
v -3939.652099609375 666.66668701171875 -6642.47119140625
v -3939.652099609375 1333.3333740234375 -6642.47119140625
v -3739.652099609375 1333.3333740234375 -6642.47119140625
v -3739.652099609375 666.66668701171875 -6642.47119140625
v -3939.652099609375 0 -6642.47119140625
v -3739.652099609375 0 -6642.47119140625
v -3939.652099609375 0 -1481.020263671875
v -3739.652099609375 0 -1481.020263671875
v -3939.652099609375 0 -5905.12109375
v -3939.652099609375 0 -5167.77099609375
v -3939.652099609375 0 -4430.4208984375
v -3939.652099609375 0 -3693.070556640625
v -3939.652099609375 0 -2955.720458984375
v -3939.652099609375 0 -2218.370361328125
v -3739.652099609375 0 -2218.370361328125
v -3739.652099609375 0 -2955.720458984375
v -3739.652099609375 0 -3693.070556640625
v -3739.652099609375 0 -4430.4208984375
v -3739.652099609375 0 -5167.77099609375
v -3739.652099609375 0 -5905.12109375
v -3939.652099609375 2000 -6642.47119140625
v -3739.652099609375 2000 -6642.47119140625
v -3939.652099609375 2000 -1481.020263671875
v -3739.652099609375 2000 -1481.020263671875
v -3939.652099609375 2000 -5905.12109375
v -3939.652099609375 2000 -5167.77099609375
v -3939.652099609375 2000 -4430.4208984375
v -3939.652099609375 2000 -3693.070556640625
v -3939.652099609375 2000 -2955.720458984375
v -3939.652099609375 2000 -2218.370361328125
v -3739.652099609375 2000 -2218.370361328125
v -3739.652099609375 2000 -2955.720458984375
v -3739.652099609375 2000 -3693.070556640625
v -3739.652099609375 2000 -4430.4208984375
v -3739.652099609375 2000 -5167.77099609375
v -3739.652099609375 2000 -5905.12109375
vt 0.92850619554519653 0
vt 0.54248309135437012 0
vt 0.92850619554519653 0.99853515625
vt 0.54248309135437012 0.99853515625
vt 0.92850619554519653 0.14264789223670959
vt 0.92850619554519653 0.28529578447341919
vt 0.92850619554519653 0.4279436469078064
vt 0.92850619554519653 0.57059156894683838
vt 0.92850619554519653 0.71323943138122559
vt 0.92850619554519653 0.85588729381561279
vt 0.79983186721801758 0.99853515625
vt 0.67115747928619385 0.99853515625
vt 0.54248309135437012 0.85588729381561279
vt 0.54248309135437012 0.71323943138122559
vt 0.54248309135437012 0.57059156894683838
vt 0.54248309135437012 0.4279436469078064
vt 0.54248309135437012 0.28529578447341919
vt 0.54248309135437012 0.14264789223670959
vt 0.67115747928619385 0
vt 0.79983186721801758 0
vt 0.038748793303966522 0
vt 0.038748793303966522 0.38748794794082642
vt 0.076032742857933044 0
vt 0.076032742857933044 0.38748794794082642
vt 0.038748793303966522 0.25832530856132507
vt 0.038748793303966522 0.12916265428066254
vt 0.076032742857933044 0.12916265428066254
vt 0.076032742857933044 0.25832530856132507
vt 0.54101824760437012 0
vt 0.15499517321586609 0
vt 0.54101824760437012 0.99853515625
vt 0.15499517321586609 0.99853515625
vt 0.28366953134536743 0
vt 0.41234391927719116 0
vt 0.54101824760437012 0.14264789223670959
vt 0.54101824760437012 0.28529578447341919
vt 0.54101824760437012 0.4279436469078064
vt 0.54101824760437012 0.57059156894683838
vt 0.54101824760437012 0.71323943138122559
vt 0.54101824760437012 0.85588729381561279
vt 0.41234391927719116 0.99853515625
vt 0.28366953134536743 0.99853515625
vt 0.15499517321586609 0.85588729381561279
vt 0.15499517321586609 0.71323943138122559
vt 0.15499517321586609 0.57059156894683838
vt 0.15499517321586609 0.4279436469078064
vt 0.15499517321586609 0.28529578447341919
vt 0.15499517321586609 0.14264789223670959
vt 0 0
vt 0 0.38748794794082642
vt 0.037283949553966522 0
vt 0.037283949553966522 0.38748794794082642
vt 0.037283949553966522 0.12916265428066254
vt 0.037283949553966522 0.25832530856132507
vt 0 0.25832530856132507
vt 0 0.12916265428066254
vt 0.15353032946586609 0
vt 0.11624637991189957 0
vt 0.15353032946586609 0.99853515625
vt 0.11624637991189957 0.99853515625
vt 0.15353032946586609 0.14264789223670959
vt 0.15353032946586609 0.28529578447341919
vt 0.15353032946586609 0.4279436469078064
vt 0.15353032946586609 0.57059156894683838
vt 0.15353032946586609 0.71323943138122559
vt 0.15353032946586609 0.85588729381561279
vt 0.11624637991189957 0.85588729381561279
vt 0.11624637991189957 0.71323943138122559
vt 0.11624637991189957 0.57059156894683838
vt 0.11624637991189957 0.4279436469078064
vt 0.11624637991189957 0.28529578447341919
vt 0.11624637991189957 0.14264789223670959
vt 0.11478153616189957 0
vt 0.077497586607933044 0
vt 0.11478153616189957 0.99853515625
vt 0.077497586607933044 0.99853515625
vt 0.11478153616189957 0.14264789223670959
vt 0.11478153616189957 0.28529578447341919
vt 0.11478153616189957 0.4279436469078064
vt 0.11478153616189957 0.57059156894683838
vt 0.11478153616189957 0.71323943138122559
vt 0.11478153616189957 0.85588729381561279
vt 0.077497586607933044 0.85588729381561279
vt 0.077497586607933044 0.71323943138122559
vt 0.077497586607933044 0.57059156894683838
vt 0.077497586607933044 0.4279436469078064
vt 0.077497586607933044 0.28529578447341919
vt 0.077497586607933044 0.14264789223670959
vn -1 0 0
vn -1 0 0
vn -1 0 0
vn -1 0 0
vn -1 0 0
vn -1 0 0
vn -1 0 0
vn -1 0 0
vn -1 0 0
vn -1 0 0
vn -1 0 0
vn -1 0 0
vn -1 0 0
vn -1 0 0
vn -1 0 0
vn -1 0 0
vn -1 0 0
vn -1 0 0
vn -1 0 0
vn -1 0 0
vn 0 0 1
vn 0 0 1
vn 0 0 1
vn 0 0 1
vn 0 0 1
vn 0 0 1
vn 0 0 1
vn 0 0 1
vn 1 0 0
vn 1 0 0
vn 1 0 0
vn 1 0 0
vn 1 0 0
vn 1 0 0
vn 1 0 0
vn 1 0 0
vn 1 0 0
vn 1 0 0
vn 1 0 0
vn 1 0 0
vn 1 0 0
vn 1 0 0
vn 1 0 0
vn 1 0 0
vn 1 0 0
vn 1 0 0
vn 1 0 0
vn 1 0 0
vn 0 0 -1
vn 0 0 -1
vn 0 0 -1
vn 0 0 -1
vn 0 0 -1
vn 0 0 -1
vn 0 0 -1
vn 0 0 -1
vn 0 -1 0
vn 0 -1 0
vn 0 -1 0
vn 0 -1 0
vn 0 -1 0
vn 0 -1 0
vn 0 -1 0
vn 0 -1 0
vn 0 -1 0
vn 0 -1 0
vn 0 -1 0
vn 0 -1 0
vn 0 -1 0
vn 0 -1 0
vn 0 -1 0
vn 0 -1 0
vn 0 1 0
vn 0 1 0
vn 0 1 0
vn 0 1 0
vn 0 1 0
vn 0 1 0
vn 0 1 0
vn 0 1 0
vn 0 1 0
vn 0 1 0
vn 0 1 0
vn 0 1 0
vn 0 1 0
vn 0 1 0
vn 0 1 0
vn 0 1 0
f 1351/1351/1351 1366/1366/1366 1347/1347/1347
f 1366/1366/1366 1351/1351/1351 1352/1352/1352
f 1366/1366/1366 1352/1352/1352 1353/1353/1353
f 1365/1365/1365 1366/1366/1366 1353/1353/1353
f 1364/1364/1364 1348/1348/1348 1365/1365/1365
f 1365/1365/1365 1363/1363/1363 1364/1364/1364
f 1365/1365/1365 1362/1362/1362 1363/1363/1363
f 1362/1362/1362 1365/1365/1365 1353/1353/1353
f 1353/1353/1353 1354/1354/1354 1361/1361/1361 1362/1362/1362
f 1357/1357/1357 1354/1354/1354 1355/1355/1355
f 1357/1357/1357 1356/1356/1356 1349/1349/1349
f 1355/1355/1355 1356/1356/1356 1357/1357/1357
f 1358/1358/1358 1354/1354/1354 1357/1357/1357
f 1358/1358/1358 1360/1360/1360 1361/1361/1361
f 1350/1350/1350 1359/1359/1359 1358/1358/1358
f 1360/1360/1360 1358/1358/1358 1359/1359/1359
f 1358/1358/1358 1361/1361/1361 1354/1354/1354
f 1372/1372/1372 1367/1367/1367 1369/1369/1369 1373/1373/1373
f 1368/1368/1368 1371/1371/1371 1374/1374/1374 1370/1370/1370
f 1371/1371/1371 1372/1372/1372 1373/1373/1373 1374/1374/1374
f 1381/1381/1381 1380/1380/1380 1375/1375/1375
f 1380/1380/1380 1381/1381/1381 1382/1382/1382
f 1380/1380/1380 1382/1382/1382 1383/1383/1383
f 1379/1379/1379 1380/1380/1380 1383/1383/1383
f 1394/1394/1394 1376/1376/1376 1379/1379/1379
f 1379/1379/1379 1393/1393/1393 1394/1394/1394
f 1379/1379/1379 1392/1392/1392 1393/1393/1393
f 1392/1392/1392 1379/1379/1379 1383/1383/1383
f 1392/1392/1392 1383/1383/1383 1384/1384/1384 1391/1391/1391
f 1387/1387/1387 1384/1384/1384 1385/1385/1385
f 1387/1387/1387 1386/1386/1386 1377/1377/1377
f 1385/1385/1385 1386/1386/1386 1387/1387/1387
f 1388/1388/1388 1384/1384/1384 1387/1387/1387
f 1388/1388/1388 1390/1390/1390 1391/1391/1391
f 1378/1378/1378 1389/1389/1389 1388/1388/1388
f 1390/1390/1390 1388/1388/1388 1389/1389/1389
f 1388/1388/1388 1391/1391/1391 1384/1384/1384
f 1402/1402/1402 1395/1395/1395 1397/1397/1397 1399/1399/1399
f 1396/1396/1396 1401/1401/1401 1400/1400/1400 1398/1398/1398
f 1401/1401/1401 1402/1402/1402 1399/1399/1399 1400/1400/1400
f 1403/1403/1403 1404/1404/1404 1418/1418/1418 1407/1407/1407
f 1408/1408/1408 1417/1417/1417 1416/1416/1416 1409/1409/1409
f 1407/1407/1407 1418/1418/1418 1417/1417/1417 1408/1408/1408
f 1409/1409/1409 1416/1416/1416 1415/1415/1415 1410/1410/1410
f 1410/1410/1410 1415/1415/1415 1414/1414/1414 1411/1411/1411
f 1412/1412/1412 1413/1413/1413 1406/1406/1406 1405/1405/1405
f 1411/1411/1411 1414/1414/1414 1413/1413/1413 1412/1412/1412
f 1419/1419/1419 1423/1423/1423 1434/1434/1434 1420/1420/1420
f 1424/1424/1424 1425/1425/1425 1432/1432/1432 1433/1433/1433
f 1423/1423/1423 1424/1424/1424 1433/1433/1433 1434/1434/1434
f 1425/1425/1425 1426/1426/1426 1431/1431/1431 1432/1432/1432
f 1426/1426/1426 1427/1427/1427 1430/1430/1430 1431/1431/1431
f 1428/1428/1428 1421/1421/1421 1422/1422/1422 1429/1429/1429
f 1427/1427/1427 1428/1428/1428 1429/1429/1429 1430/1430/1430
usemtl diffuse_0_0_0_255
v -5067.83056640625 0 107.02389526367188
v -5067.83056640625 2000 107.02389526367188
v -5067.83056640625 0 -1156.8133544921875
v -5067.83056640625 2000 -1156.8133544921875
v -5067.83056640625 0 -314.25515747070313
v -5067.83056640625 0 -735.53424072265625
v -5067.83056640625 666.66668701171875 -1156.8133544921875
v -5067.83056640625 1333.3333740234375 -1156.8133544921875
v -5067.83056640625 2000 -735.53424072265625
v -5067.83056640625 2000 -314.25515747070313
v -5067.83056640625 1333.3333740234375 107.02389526367188
v -5067.83056640625 666.66668701171875 107.02389526367188
v -5067.83056640625 0 -1156.8133544921875
v -5067.83056640625 2000 -1156.8133544921875
v -5267.83056640625 0 -1156.8133544921875
v -5267.83056640625 2000 -1156.8133544921875
v -5067.83056640625 1333.3333740234375 -1156.8133544921875
v -5067.83056640625 666.66668701171875 -1156.8133544921875
v -5267.83056640625 666.66668701171875 -1156.8133544921875
v -5267.83056640625 1333.3333740234375 -1156.8133544921875
v -5267.83056640625 0 -1156.8133544921875
v -5267.83056640625 2000 -1156.8133544921875
v -5267.83056640625 0 107.02389526367188
v -5267.83056640625 2000 107.02389526367188
v -5267.83056640625 1333.3333740234375 -1156.8133544921875
v -5267.83056640625 666.66668701171875 -1156.8133544921875
v -5267.83056640625 0 -735.53424072265625
v -5267.83056640625 0 -314.25515747070313
v -5267.83056640625 666.66668701171875 107.02389526367188
v -5267.83056640625 1333.3333740234375 107.02389526367188
v -5267.83056640625 2000 -314.25515747070313
v -5267.83056640625 2000 -735.53424072265625
v -5267.83056640625 0 107.02389526367188
v -5267.83056640625 2000 107.02389526367188
v -5067.83056640625 0 107.02389526367188
v -5067.83056640625 2000 107.02389526367188
v -5067.83056640625 666.66668701171875 107.02389526367188
v -5067.83056640625 1333.3333740234375 107.02389526367188
v -5267.83056640625 1333.3333740234375 107.02389526367188
v -5267.83056640625 666.66668701171875 107.02389526367188
v -5067.83056640625 0 107.02389526367188
v -5267.83056640625 0 107.02389526367188
v -5067.83056640625 0 -1156.8133544921875
v -5267.83056640625 0 -1156.8133544921875
v -5067.83056640625 0 -314.25515747070313
v -5067.83056640625 0 -735.53424072265625
v -5267.83056640625 0 -735.53424072265625
v -5267.83056640625 0 -314.25515747070313
v -5067.83056640625 2000 107.02389526367188
v -5267.83056640625 2000 107.02389526367188
v -5067.83056640625 2000 -1156.8133544921875
v -5267.83056640625 2000 -1156.8133544921875
v -5067.83056640625 2000 -314.25515747070313
v -5067.83056640625 2000 -735.53424072265625
v -5267.83056640625 2000 -735.53424072265625
v -5267.83056640625 2000 -314.25515747070313
vt 0.99853515625 0.45137041807174683
vt 0.28571429848670959 0.45137041807174683
vt 0.99853515625 0.90127599239349365
vt 0.28571429848670959 0.90127599239349365
vt 0.99853515625 0.60133898258209229
vt 0.99853515625 0.75130748748779297
vt 0.76092821359634399 0.90127599239349365
vt 0.52332121133804321 0.90127599239349365
vt 0.28571429848670959 0.75130748748779297
vt 0.28571429848670959 0.60133898258209229
vt 0.52332121133804321 0.45137041807174683
vt 0.76092821359634399 0.45137041807174683
vt 0.2142857164144516 0
vt 0.2142857164144516 0.71428573131561279
vt 0.28424945473670959 0
vt 0.28424945473670959 0.71428573131561279
vt 0.2142857164144516 0.4761904776096344
vt 0.2142857164144516 0.2380952388048172
vt 0.28424945473670959 0.2380952388048172
vt 0.28424945473670959 0.4761904776096344
vt 0.99853515625 0
vt 0.28571429848670959 0
vt 0.99853515625 0.44990557432174683
vt 0.28571429848670959 0.44990557432174683
vt 0.52332121133804321 0
vt 0.76092821359634399 0
vt 0.99853515625 0.14996853470802307
vt 0.99853515625 0.29993706941604614
vt 0.76092821359634399 0.44990557432174683
vt 0.52332121133804321 0.44990557432174683
vt 0.28571429848670959 0.29993706941604614
vt 0.28571429848670959 0.14996853470802307
vt 0.1428571492433548 0
vt 0.1428571492433548 0.71428573131561279
vt 0.2128208726644516 0
vt 0.2128208726644516 0.71428573131561279
vt 0.2128208726644516 0.2380952388048172
vt 0.2128208726644516 0.4761904776096344
vt 0.1428571492433548 0.4761904776096344
vt 0.1428571492433548 0.2380952388048172
vt 0.1413923054933548 0
vt 0.071428574621677399 0
vt 0.1413923054933548 0.45137041807174683
vt 0.071428574621677399 0.45137041807174683
vt 0.1413923054933548 0.15045681595802307
vt 0.1413923054933548 0.30091363191604614
vt 0.071428574621677399 0.30091363191604614
vt 0.071428574621677399 0.15045681595802307
vt 0.069963730871677399 0
vt 0 0
vt 0.069963730871677399 0.45137041807174683
vt 0 0.45137041807174683
vt 0.069963730871677399 0.15045681595802307
vt 0.069963730871677399 0.30091363191604614
vt 0 0.30091363191604614
vt 0 0.15045681595802307
vn 1 0 0
vn 1 0 0
vn 1 0 0
vn 1 0 0
vn 1 0 0
vn 1 0 0
vn 1 0 0
vn 1 0 0
vn 1 0 0
vn 1 0 0
vn 1 0 0
vn 1 0 0
vn 0 0 -1
vn 0 0 -1
vn 0 0 -1
vn 0 0 -1
vn 0 0 -1
vn 0 0 -1
vn 0 0 -1
vn 0 0 -1
vn -1 0 0
vn -1 0 0
vn -1 0 0
vn -1 0 0
vn -1 0 0
vn -1 0 0
vn -1 0 0
vn -1 0 0
vn -1 0 0
vn -1 0 0
vn -1 0 0
vn -1 0 0
vn 0 0 1
vn 0 0 1
vn 0 0 1
vn 0 0 1
vn 0 0 1
vn 0 0 1
vn 0 0 1
vn 0 0 1
vn 0 -1 0
vn 0 -1 0
vn 0 -1 0
vn 0 -1 0
vn 0 -1 0
vn 0 -1 0
vn 0 -1 0
vn 0 -1 0
vn 0 1 0
vn 0 1 0
vn 0 1 0
vn 0 1 0
vn 0 1 0
vn 0 1 0
vn 0 1 0
vn 0 1 0
f 1446/1446/1446 1435/1435/1435 1439/1439/1439
f 1445/1445/1445 1446/1446/1446 1439/1439/1439
f 1436/1436/1436 1445/1445/1445 1444/1444/1444
f 1439/1439/1439 1444/1444/1444 1445/1445/1445
f 1443/1443/1443 1444/1444/1444 1439/1439/1439 1440/1440/1440
f 1441/1441/1441 1440/1440/1440 1437/1437/1437
f 1442/1442/1442 1440/1440/1440 1441/1441/1441
f 1438/1438/1438 1443/1443/1443 1442/1442/1442
f 1440/1440/1440 1442/1442/1442 1443/1443/1443
f 1452/1452/1452 1447/1447/1447 1449/1449/1449 1453/1453/1453
f 1448/1448/1448 1451/1451/1451 1454/1454/1454 1450/1450/1450
f 1451/1451/1451 1452/1452/1452 1453/1453/1453 1454/1454/1454
f 1460/1460/1460 1455/1455/1455 1461/1461/1461
f 1459/1459/1459 1460/1460/1460 1461/1461/1461
f 1456/1456/1456 1459/1459/1459 1466/1466/1466
f 1461/1461/1461 1466/1466/1466 1459/1459/1459
f 1466/1466/1466 1461/1461/1461 1462/1462/1462 1465/1465/1465
f 1463/1463/1463 1462/1462/1462 1457/1457/1457
f 1464/1464/1464 1462/1462/1462 1463/1463/1463
f 1458/1458/1458 1465/1465/1465 1464/1464/1464
f 1462/1462/1462 1464/1464/1464 1465/1465/1465
f 1474/1474/1474 1467/1467/1467 1469/1469/1469 1471/1471/1471
f 1468/1468/1468 1473/1473/1473 1472/1472/1472 1470/1470/1470
f 1473/1473/1473 1474/1474/1474 1471/1471/1471 1472/1472/1472
f 1475/1475/1475 1476/1476/1476 1482/1482/1482 1479/1479/1479
f 1481/1481/1481 1480/1480/1480 1479/1479/1479 1482/1482/1482
f 1480/1480/1480 1481/1481/1481 1478/1478/1478 1477/1477/1477
f 1483/1483/1483 1487/1487/1487 1490/1490/1490 1484/1484/1484
f 1489/1489/1489 1490/1490/1490 1487/1487/1487 1488/1488/1488
f 1488/1488/1488 1485/1485/1485 1486/1486/1486 1489/1489/1489
usemtl diffuse_0_0_0_255
v -5067.83056640625 -1.5817477105883881E-08 -2056.813232421875
v -5067.83056640625 2000 -2056.813232421875
v -5067.83056640625 -1.5817477105883881E-08 -4622.421875
v -5067.83056640625 2000 -4622.421875
v -5067.83056640625 -1.5817477105883881E-08 -2698.21533203125
v -5067.83056640625 -1.5817477105883881E-08 -3339.61767578125
v -5067.83056640625 -1.5817477105883881E-08 -3981.019775390625
v -5067.83056640625 2000 -3339.61767578125
v -5067.83056640625 666.66668701171875 -4622.421875
v -5067.83056640625 1333.3333740234375 -4622.421875
v -5067.83056640625 2000 -3981.019775390625
v -5067.83056640625 2000 -2698.21533203125
v -5067.83056640625 1333.3333740234375 -2056.813232421875
v -5067.83056640625 666.66668701171875 -2056.813232421875
v -5067.83056640625 -1.5817477105883881E-08 -4622.421875
v -5067.83056640625 2000 -4622.421875
v -5267.83056640625 -1.5817477105883881E-08 -4622.421875
v -5267.83056640625 2000 -4622.421875
v -5067.83056640625 1333.3333740234375 -4622.421875
v -5067.83056640625 666.66668701171875 -4622.421875
v -5267.83056640625 666.66668701171875 -4622.421875
v -5267.83056640625 1333.3333740234375 -4622.421875
v -5267.83056640625 -1.5817477105883881E-08 -4622.421875
v -5267.83056640625 2000 -4622.421875
v -5267.83056640625 -1.5817477105883881E-08 -2056.813232421875
v -5267.83056640625 2000 -2056.813232421875
v -5267.83056640625 1333.3333740234375 -4622.421875
v -5267.83056640625 666.66668701171875 -4622.421875
v -5267.83056640625 2000 -3339.61767578125
v -5267.83056640625 -1.5817477105883881E-08 -3339.61767578125
v -5267.83056640625 -1.5817477105883881E-08 -3981.019775390625
v -5267.83056640625 -1.5817477105883881E-08 -2698.21533203125
v -5267.83056640625 666.66668701171875 -2056.813232421875
v -5267.83056640625 1333.3333740234375 -2056.813232421875
v -5267.83056640625 2000 -2698.21533203125
v -5267.83056640625 2000 -3981.019775390625
v -5267.83056640625 -1.5817477105883881E-08 -2056.813232421875
v -5267.83056640625 2000 -2056.813232421875
v -5067.83056640625 -1.5817477105883881E-08 -2056.813232421875
v -5067.83056640625 2000 -2056.813232421875
v -5067.83056640625 666.66668701171875 -2056.813232421875
v -5067.83056640625 1333.3333740234375 -2056.813232421875
v -5267.83056640625 1333.3333740234375 -2056.813232421875
v -5267.83056640625 666.66668701171875 -2056.813232421875
v -5067.83056640625 -1.5817477105883881E-08 -2056.813232421875
v -5267.83056640625 -1.5817477105883881E-08 -2056.813232421875
v -5067.83056640625 -1.5817477105883881E-08 -4622.421875
v -5267.83056640625 -1.5817477105883881E-08 -4622.421875
v -5067.83056640625 -1.5817477105883881E-08 -2698.21533203125
v -5067.83056640625 -1.5817477105883881E-08 -3339.61767578125
v -5067.83056640625 -1.5817477105883881E-08 -3981.019775390625
v -5267.83056640625 -1.5817477105883881E-08 -3981.019775390625
v -5267.83056640625 -1.5817477105883881E-08 -3339.61767578125
v -5267.83056640625 -1.5817477105883881E-08 -2698.21533203125
v -5067.83056640625 2000 -2056.813232421875
v -5267.83056640625 2000 -2056.813232421875
v -5067.83056640625 2000 -4622.421875
v -5267.83056640625 2000 -4622.421875
v -5067.83056640625 2000 -2698.21533203125
v -5067.83056640625 2000 -3339.61767578125
v -5067.83056640625 2000 -3981.019775390625
v -5267.83056640625 2000 -3981.019775390625
v -5267.83056640625 2000 -3339.61767578125
v -5267.83056640625 2000 -2698.21533203125
vt 0.20000000298023224 0.5
vt 0.20000000298023224 0.99853515625
vt 0.83993732929229736 0.5
vt 0.83993732929229736 0.99853515625
vt 0.35998433828353882 0.5
vt 0.51996862888336182 0.5
vt 0.67995297908782959 0.5
vt 0.51996862888336182 0.99853515625
vt 0.83993732929229736 0.66617840528488159
vt 0.83993732929229736 0.83235675096511841
vt 0.67995297908782959 0.99853515625
vt 0.35998433828353882 0.99853515625
vt 0.20000000298023224 0.83235675096511841
vt 0.20000000298023224 0.66617840528488159
vt 0.05000000074505806 0
vt 0.05000000074505806 0.5
vt 0.098535157740116119 0
vt 0.098535157740116119 0.5
vt 0.05000000074505806 0.3333333432674408
vt 0.05000000074505806 0.1666666716337204
vt 0.098535157740116119 0.1666666716337204
vt 0.098535157740116119 0.3333333432674408
vt 0.20000000298023224 0
vt 0.20000000298023224 0.49853515625
vt 0.83993732929229736 0
vt 0.83993732929229736 0.49853515625
vt 0.20000000298023224 0.3323567807674408
vt 0.20000000298023224 0.1661783903837204
vt 0.51996862888336182 0.49853515625
vt 0.51996862888336182 0
vt 0.35998433828353882 0
vt 0.67995297908782959 0
vt 0.83993732929229736 0.1661783903837204
vt 0.83993732929229736 0.3323567807674408
vt 0.67995297908782959 0.49853515625
vt 0.35998433828353882 0.49853515625
vt 0 0
vt 0 0.5
vt 0.04853515699505806 0
vt 0.04853515699505806 0.5
vt 0.04853515699505806 0.1666666716337204
vt 0.04853515699505806 0.3333333432674408
vt 0 0.3333333432674408
vt 0 0.1666666716337204
vt 0.19853515923023224 0
vt 0.15000000596046448 0
vt 0.19853515923023224 0.64140212535858154
vt 0.15000000596046448 0.64140212535858154
vt 0.19853515923023224 0.16035053133964539
vt 0.19853515923023224 0.32070106267929077
vt 0.19853515923023224 0.48105162382125854
vt 0.15000000596046448 0.48105162382125854
vt 0.15000000596046448 0.32070106267929077
vt 0.15000000596046448 0.16035053133964539
vt 0.14853516221046448 0
vt 0.10000000149011612 0
vt 0.14853516221046448 0.64140212535858154
vt 0.10000000149011612 0.64140212535858154
vt 0.14853516221046448 0.16035053133964539
vt 0.14853516221046448 0.32070106267929077
vt 0.14853516221046448 0.48105162382125854
vt 0.10000000149011612 0.48105162382125854
vt 0.10000000149011612 0.32070106267929077
vt 0.10000000149011612 0.16035053133964539
vn 1 0 0
vn 1 0 0
vn 1 0 0
vn 1 0 0
vn 1 0 0
vn 1 0 0
vn 1 0 0
vn 1 0 0
vn 1 0 0
vn 1 0 0
vn 1 0 0
vn 1 0 0
vn 1 0 0
vn 1 0 0
vn 0 0 -1
vn 0 0 -1
vn 0 0 -1
vn 0 0 -1
vn 0 0 -1
vn 0 0 -1
vn 0 0 -1
vn 0 0 -1
vn -1 0 0
vn -1 0 0
vn -1 0 0
vn -1 0 0
vn -1 0 0
vn -1 0 0
vn -1 0 0
vn -1 0 0
vn -1 0 0
vn -1 0 0
vn -1 0 0
vn -1 0 0
vn -1 0 0
vn -1 0 0
vn 0 0 1
vn 0 0 1
vn 0 0 1
vn 0 0 1
vn 0 0 1
vn 0 0 1
vn 0 0 1
vn 0 0 1
vn 0 -1 0
vn 0 -1 0
vn 0 -1 0
vn 0 -1 0
vn 0 -1 0
vn 0 -1 0
vn 0 -1 0
vn 0 -1 0
vn 0 -1 0
vn 0 -1 0
vn 0 1 0
vn 0 1 0
vn 0 1 0
vn 0 1 0
vn 0 1 0
vn 0 1 0
vn 0 1 0
vn 0 1 0
vn 0 1 0
vn 0 1 0
f 1504/1504/1504 1491/1491/1491 1495/1495/1495
f 1504/1504/1504 1495/1495/1495 1496/1496/1496
f 1503/1503/1503 1504/1504/1504 1496/1496/1496
f 1503/1503/1503 1502/1502/1502 1492/1492/1492
f 1502/1502/1502 1503/1503/1503 1498/1498/1498
f 1498/1498/1498 1503/1503/1503 1496/1496/1496
f 1499/1499/1499 1497/1497/1497 1493/1493/1493
f 1499/1499/1499 1500/1500/1500 1496/1496/1496
f 1500/1500/1500 1501/1501/1501 1498/1498/1498
f 1501/1501/1501 1500/1500/1500 1494/1494/1494
f 1498/1498/1498 1496/1496/1496 1500/1500/1500
f 1497/1497/1497 1499/1499/1499 1496/1496/1496
f 1510/1510/1510 1505/1505/1505 1507/1507/1507 1511/1511/1511
f 1506/1506/1506 1509/1509/1509 1512/1512/1512 1508/1508/1508
f 1509/1509/1509 1510/1510/1510 1511/1511/1511 1512/1512/1512
f 1518/1518/1518 1513/1513/1513 1521/1521/1521
f 1518/1518/1518 1521/1521/1521 1520/1520/1520
f 1517/1517/1517 1518/1518/1518 1520/1520/1520
f 1517/1517/1517 1526/1526/1526 1514/1514/1514
f 1526/1526/1526 1517/1517/1517 1519/1519/1519
f 1519/1519/1519 1517/1517/1517 1520/1520/1520
f 1523/1523/1523 1522/1522/1522 1515/1515/1515
f 1523/1523/1523 1524/1524/1524 1520/1520/1520
f 1524/1524/1524 1525/1525/1525 1519/1519/1519
f 1525/1525/1525 1524/1524/1524 1516/1516/1516
f 1519/1519/1519 1520/1520/1520 1524/1524/1524
f 1522/1522/1522 1523/1523/1523 1520/1520/1520
f 1534/1534/1534 1527/1527/1527 1529/1529/1529 1531/1531/1531
f 1528/1528/1528 1533/1533/1533 1532/1532/1532 1530/1530/1530
f 1533/1533/1533 1534/1534/1534 1531/1531/1531 1532/1532/1532
f 1539/1539/1539 1535/1535/1535 1536/1536/1536 1544/1544/1544
f 1544/1544/1544 1543/1543/1543 1540/1540/1540 1539/1539/1539
f 1537/1537/1537 1541/1541/1541 1542/1542/1542 1538/1538/1538
f 1541/1541/1541 1540/1540/1540 1543/1543/1543 1542/1542/1542
f 1549/1549/1549 1554/1554/1554 1546/1546/1546 1545/1545/1545
f 1554/1554/1554 1549/1549/1549 1550/1550/1550 1553/1553/1553
f 1547/1547/1547 1548/1548/1548 1552/1552/1552 1551/1551/1551
f 1551/1551/1551 1552/1552/1552 1553/1553/1553 1550/1550/1550
usemtl diffuse_0_0_0_255
v -6926.27734375 -1.5817477105883881E-08 -3163.51513671875
v -6926.27734375 2000 -3163.51513671875
v -5067.83056640625 -1.5817477105883881E-08 -3163.51513671875
v -5067.83056640625 2000 -3163.51513671875
v -6306.794921875 -1.5817477105883881E-08 -3163.51513671875
v -5687.3125 -1.5817477105883881E-08 -3163.51513671875
v -5067.83056640625 666.66668701171875 -3163.51513671875
v -5067.83056640625 1333.3333740234375 -3163.51513671875
v -5687.3125 2000 -3163.51513671875
v -6306.794921875 2000 -3163.51513671875
v -6926.27734375 1333.3333740234375 -3163.51513671875
v -6926.27734375 666.66668701171875 -3163.51513671875
v -5067.83056640625 -1.5817477105883881E-08 -3163.51513671875
v -5067.83056640625 2000 -3163.51513671875
v -5067.83056640625 -1.5817477105883881E-08 -3363.51513671875
v -5067.83056640625 2000 -3363.51513671875
v -5067.83056640625 1333.3333740234375 -3163.51513671875
v -5067.83056640625 666.66668701171875 -3163.51513671875
v -5067.83056640625 666.66668701171875 -3363.51513671875
v -5067.83056640625 1333.3333740234375 -3363.51513671875
v -5067.83056640625 -1.5817477105883881E-08 -3363.51513671875
v -5067.83056640625 2000 -3363.51513671875
v -6926.27734375 -1.5817477105883881E-08 -3363.51513671875
v -6926.27734375 2000 -3363.51513671875
v -5067.83056640625 1333.3333740234375 -3363.51513671875
v -5067.83056640625 666.66668701171875 -3363.51513671875
v -5687.3125 -1.5817477105883881E-08 -3363.51513671875
v -6306.794921875 -1.5817477105883881E-08 -3363.51513671875
v -6926.27734375 666.66668701171875 -3363.51513671875
v -6926.27734375 1333.3333740234375 -3363.51513671875
v -6306.794921875 2000 -3363.51513671875
v -5687.3125 2000 -3363.51513671875
v -6926.27734375 -1.5817477105883881E-08 -3363.51513671875
v -6926.27734375 2000 -3363.51513671875
v -6926.27734375 -1.5817477105883881E-08 -3163.51513671875
v -6926.27734375 2000 -3163.51513671875
v -6926.27734375 666.66668701171875 -3163.51513671875
v -6926.27734375 1333.3333740234375 -3163.51513671875
v -6926.27734375 1333.3333740234375 -3363.51513671875
v -6926.27734375 666.66668701171875 -3363.51513671875
v -6926.27734375 -1.5817477105883881E-08 -3163.51513671875
v -6926.27734375 -1.5817477105883881E-08 -3363.51513671875
v -5067.83056640625 -1.5817477105883881E-08 -3163.51513671875
v -5067.83056640625 -1.5817477105883881E-08 -3363.51513671875
v -6306.794921875 -1.5817477105883881E-08 -3163.51513671875
v -5687.3125 -1.5817477105883881E-08 -3163.51513671875
v -5687.3125 -1.5817477105883881E-08 -3363.51513671875
v -6306.794921875 -1.5817477105883881E-08 -3363.51513671875
v -6926.27734375 2000 -3163.51513671875
v -6926.27734375 2000 -3363.51513671875
v -5067.83056640625 2000 -3163.51513671875
v -5067.83056640625 2000 -3363.51513671875
v -6306.794921875 2000 -3163.51513671875
v -5687.3125 2000 -3163.51513671875
v -5687.3125 2000 -3363.51513671875
v -6306.794921875 2000 -3363.51513671875
vt 0.75185227394104004 0.5
vt 0.2152334600687027 0.5
vt 0.75185227394104004 0.99853515625
vt 0.2152334600687027 0.99853515625
vt 0.75185227394104004 0.66617840528488159
vt 0.75185227394104004 0.83235675096511841
vt 0.57297933101654053 0.99853515625
vt 0.39410638809204102 0.99853515625
vt 0.2152334600687027 0.83235675096511841
vt 0.2152334600687027 0.66617840528488159
vt 0.39410638809204102 0.5
vt 0.57297933101654053 0.5
vt 0.16142508387565613 0
vt 0.16142508387565613 0.53808361291885376
vt 0.2137686163187027 0
vt 0.2137686163187027 0.53808361291885376
vt 0.16142508387565613 0.35872244834899902
vt 0.16142508387565613 0.17936122417449951
vt 0.2137686163187027 0.17936122417449951
vt 0.2137686163187027 0.35872244834899902
vt 0.75185227394104004 0
vt 0.2152334600687027 0
vt 0.75185227394104004 0.49853515625
vt 0.2152334600687027 0.49853515625
vt 0.39410638809204102 0
vt 0.57297933101654053 0
vt 0.75185227394104004 0.1661783903837204
vt 0.75185227394104004 0.3323567807674408
vt 0.57297933101654053 0.49853515625
vt 0.39410638809204102 0.49853515625
vt 0.2152334600687027 0.3323567807674408
vt 0.2152334600687027 0.1661783903837204
vt 0.10761673003435135 0
vt 0.10761673003435135 0.53808361291885376
vt 0.15996024012565613 0
vt 0.15996024012565613 0.53808361291885376
vt 0.15996024012565613 0.17936122417449951
vt 0.15996024012565613 0.35872244834899902
vt 0.10761673003435135 0.35872244834899902
vt 0.10761673003435135 0.17936122417449951
vt 0.10615188628435135 0
vt 0.053808365017175674 0
vt 0.10615188628435135 0.5
vt 0.053808365017175674 0.5
vt 0.10615188628435135 0.1666666716337204
vt 0.10615188628435135 0.3333333432674408
vt 0.053808365017175674 0.3333333432674408
vt 0.053808365017175674 0.1666666716337204
vt 0.052343521267175674 0
vt 0 0
vt 0.052343521267175674 0.5
vt 0 0.5
vt 0.052343521267175674 0.1666666716337204
vt 0.052343521267175674 0.3333333432674408
vt 0 0.3333333432674408
vt 0 0.1666666716337204
vn 0 0 1
vn 0 0 1
vn 0 0 1
vn 0 0 1
vn 0 0 1
vn 0 0 1
vn 0 0 1
vn 0 0 1
vn 0 0 1
vn 0 0 1
vn 0 0 1
vn 0 0 1
vn 1 0 0
vn 1 0 0
vn 1 0 0
vn 1 0 0
vn 1 0 0
vn 1 0 0
vn 1 0 0
vn 1 0 0
vn 0 0 -1
vn 0 0 -1
vn 0 0 -1
vn 0 0 -1
vn 0 0 -1
vn 0 0 -1
vn 0 0 -1
vn 0 0 -1
vn 0 0 -1
vn 0 0 -1
vn 0 0 -1
vn 0 0 -1
vn -1 0 0
vn -1 0 0
vn -1 0 0
vn -1 0 0
vn -1 0 0
vn -1 0 0
vn -1 0 0
vn -1 0 0
vn 0 -1 0
vn 0 -1 0
vn 0 -1 0
vn 0 -1 0
vn 0 -1 0
vn 0 -1 0
vn 0 -1 0
vn 0 -1 0
vn 0 1 0
vn 0 1 0
vn 0 1 0
vn 0 1 0
vn 0 1 0
vn 0 1 0
vn 0 1 0
vn 0 1 0
f 1566/1566/1566 1555/1555/1555 1559/1559/1559
f 1565/1565/1565 1566/1566/1566 1559/1559/1559
f 1556/1556/1556 1565/1565/1565 1564/1564/1564
f 1559/1559/1559 1564/1564/1564 1565/1565/1565
f 1564/1564/1564 1559/1559/1559 1561/1561/1561 1562/1562/1562
f 1561/1561/1561 1560/1560/1560 1557/1557/1557
f 1558/1558/1558 1563/1563/1563 1562/1562/1562
f 1562/1562/1562 1563/1563/1563 1564/1564/1564
f 1561/1561/1561 1559/1559/1559 1560/1560/1560
f 1572/1572/1572 1567/1567/1567 1569/1569/1569 1573/1573/1573
f 1568/1568/1568 1571/1571/1571 1574/1574/1574 1570/1570/1570
f 1571/1571/1571 1572/1572/1572 1573/1573/1573 1574/1574/1574
f 1580/1580/1580 1575/1575/1575 1581/1581/1581
f 1582/1582/1582 1579/1579/1579 1580/1580/1580
f 1576/1576/1576 1579/1579/1579 1586/1586/1586
f 1579/1579/1579 1585/1585/1585 1586/1586/1586
f 1581/1581/1581 1582/1582/1582 1580/1580/1580
f 1583/1583/1583 1582/1582/1582 1577/1577/1577
f 1584/1584/1584 1582/1582/1582 1583/1583/1583
f 1578/1578/1578 1585/1585/1585 1584/1584/1584
f 1582/1582/1582 1584/1584/1584 1585/1585/1585
f 1579/1579/1579 1582/1582/1582 1585/1585/1585
f 1594/1594/1594 1587/1587/1587 1589/1589/1589 1591/1591/1591
f 1588/1588/1588 1593/1593/1593 1592/1592/1592 1590/1590/1590
f 1593/1593/1593 1594/1594/1594 1591/1591/1591 1592/1592/1592
f 1599/1599/1599 1595/1595/1595 1596/1596/1596 1602/1602/1602
f 1601/1601/1601 1600/1600/1600 1599/1599/1599 1602/1602/1602
f 1600/1600/1600 1601/1601/1601 1598/1598/1598 1597/1597/1597
f 1607/1607/1607 1610/1610/1610 1604/1604/1604 1603/1603/1603
f 1609/1609/1609 1610/1610/1610 1607/1607/1607 1608/1608/1608
f 1608/1608/1608 1605/1605/1605 1606/1606/1606 1609/1609/1609
usemtl diffuse_0_0_0_255
v -5067.83056640625 -2.9032435122644529E-08 -5522.421875
v -5067.83056640625 2000 -5522.421875
v -5067.83056640625 -2.9032435122644529E-08 -6593.4794921875
v -5067.83056640625 2000 -6593.4794921875
v -5067.83056640625 -2.9032435122644529E-08 -6057.95068359375
v -5067.83056640625 666.66668701171875 -6593.4794921875
v -5067.83056640625 1333.3333740234375 -6593.4794921875
v -5067.83056640625 2000 -6057.95068359375
v -5067.83056640625 1333.3333740234375 -5522.421875
v -5067.83056640625 666.66668701171875 -5522.421875
v -5067.83056640625 -2.9032435122644529E-08 -6593.4794921875
v -5067.83056640625 2000 -6593.4794921875
v -5267.83056640625 -2.9032435122644529E-08 -6593.4794921875
v -5267.83056640625 2000 -6593.4794921875
v -5067.83056640625 1333.3333740234375 -6593.4794921875
v -5067.83056640625 666.66668701171875 -6593.4794921875
v -5267.83056640625 666.66668701171875 -6593.4794921875
v -5267.83056640625 1333.3333740234375 -6593.4794921875
v -5267.83056640625 -2.9032435122644529E-08 -6593.4794921875
v -5267.83056640625 2000 -6593.4794921875
v -5267.83056640625 -2.9032435122644529E-08 -5522.421875
v -5267.83056640625 2000 -5522.421875
v -5267.83056640625 1333.3333740234375 -6593.4794921875
v -5267.83056640625 666.66668701171875 -6593.4794921875
v -5267.83056640625 -2.9032435122644529E-08 -6057.95068359375
v -5267.83056640625 666.66668701171875 -5522.421875
v -5267.83056640625 1333.3333740234375 -5522.421875
v -5267.83056640625 2000 -6057.95068359375
v -5267.83056640625 -2.9032435122644529E-08 -5522.421875
v -5267.83056640625 2000 -5522.421875
v -5067.83056640625 -2.9032435122644529E-08 -5522.421875
v -5067.83056640625 2000 -5522.421875
v -5067.83056640625 666.66668701171875 -5522.421875
v -5067.83056640625 1333.3333740234375 -5522.421875
v -5267.83056640625 1333.3333740234375 -5522.421875
v -5267.83056640625 666.66668701171875 -5522.421875
v -5067.83056640625 -2.9032435122644529E-08 -5522.421875
v -5267.83056640625 -2.9032435122644529E-08 -5522.421875
v -5067.83056640625 -2.9032435122644529E-08 -6593.4794921875
v -5267.83056640625 -2.9032435122644529E-08 -6593.4794921875
v -5067.83056640625 -2.9032435122644529E-08 -6057.95068359375
v -5267.83056640625 -2.9032435122644529E-08 -6057.95068359375
v -5067.83056640625 2000 -5522.421875
v -5267.83056640625 2000 -5522.421875
v -5067.83056640625 2000 -6593.4794921875
v -5267.83056640625 2000 -6593.4794921875
v -5067.83056640625 2000 -6057.95068359375
v -5267.83056640625 2000 -6057.95068359375
vt 0.42132535576820374 0
vt 0.42132535576820374 0.7867465615272522
vt 0.84118586778640747 0
vt 0.84118586778640747 0.7867465615272522
vt 0.6312556266784668 0
vt 0.84118586778640747 0.26224884390830994
vt 0.84118586778640747 0.52449768781661987
vt 0.6312556266784668 0.7867465615272522
vt 0.42132535576820374 0.52449768781661987
vt 0.42132535576820374 0.26224884390830994
vt 0.92132532596588135 0
vt 0.92132532596588135 0.7867465615272522
vt 0.99853515625 0
vt 0.99853515625 0.7867465615272522
vt 0.92132532596588135 0.52449768781661987
vt 0.92132532596588135 0.26224884390830994
vt 0.99853515625 0.26224884390830994
vt 0.99853515625 0.52449768781661987
vt 0 0.15734930336475372
vt 0 0.94263100624084473
vt 0.41986051201820374 0.15734930336475372
vt 0.41986051201820374 0.94263100624084473
vt 0 0.68087047338485718
vt 0 0.41910988092422485
vt 0.20993025600910187 0.15734930336475372
vt 0.41986051201820374 0.41910988092422485
vt 0.41986051201820374 0.68087047338485718
vt 0.20993025600910187 0.94263100624084473
vt 0.84265071153640747 0
vt 0.84265071153640747 0.7867465615272522
vt 0.91986048221588135 0
vt 0.91986048221588135 0.7867465615272522
vt 0.91986048221588135 0.26224884390830994
vt 0.91986048221588135 0.52449768781661987
vt 0.84265071153640747 0.52449768781661987
vt 0.84265071153640747 0.26224884390830994
vt 0 0.078674651682376862
vt 0 0.15588445961475372
vt 0.41986051201820374 0.078674651682376862
vt 0.41986051201820374 0.15588445961475372
vt 0.20993025600910187 0.078674651682376862
vt 0.20993025600910187 0.15588445961475372
vt 0 0
vt 0 0.077209807932376862
vt 0.41986051201820374 0
vt 0.41986051201820374 0.077209807932376862
vt 0.20993025600910187 0
vt 0.20993025600910187 0.077209807932376862
vn 1 0 0
vn 1 0 0
vn 1 0 0
vn 1 0 0
vn 1 0 0
vn 1 0 0
vn 1 0 0
vn 1 0 0
vn 1 0 0
vn 1 0 0
vn 0 0 -1
vn 0 0 -1
vn 0 0 -1
vn 0 0 -1
vn 0 0 -1
vn 0 0 -1
vn 0 0 -1
vn 0 0 -1
vn -1 0 0
vn -1 0 0
vn -1 0 0
vn -1 0 0
vn -1 0 0
vn -1 0 0
vn -1 0 0
vn -1 0 0
vn -1 0 0
vn -1 0 0
vn 0 0 1
vn 0 0 1
vn 0 0 1
vn 0 0 1
vn 0 0 1
vn 0 0 1
vn 0 0 1
vn 0 0 1
vn 0 -1 0
vn 0 -1 0
vn 0 -1 0
vn 0 -1 0
vn 0 -1 0
vn 0 -1 0
vn 0 1 0
vn 0 1 0
vn 0 1 0
vn 0 1 0
vn 0 1 0
vn 0 1 0
f 1620/1620/1620 1611/1611/1611 1615/1615/1615
f 1615/1615/1615 1619/1619/1619 1620/1620/1620
f 1619/1619/1619 1618/1618/1618 1612/1612/1612
f 1618/1618/1618 1619/1619/1619 1615/1615/1615
f 1616/1616/1616 1617/1617/1617 1615/1615/1615
f 1614/1614/1614 1618/1618/1618 1617/1617/1617
f 1617/1617/1617 1618/1618/1618 1615/1615/1615
f 1613/1613/1613 1616/1616/1616 1615/1615/1615
f 1626/1626/1626 1621/1621/1621 1623/1623/1623 1627/1627/1627
f 1622/1622/1622 1625/1625/1625 1628/1628/1628 1624/1624/1624
f 1625/1625/1625 1626/1626/1626 1627/1627/1627 1628/1628/1628
f 1634/1634/1634 1629/1629/1629 1635/1635/1635
f 1635/1635/1635 1633/1633/1633 1634/1634/1634
f 1633/1633/1633 1638/1638/1638 1630/1630/1630
f 1638/1638/1638 1633/1633/1633 1635/1635/1635
f 1636/1636/1636 1637/1637/1637 1635/1635/1635
f 1632/1632/1632 1638/1638/1638 1637/1637/1637
f 1637/1637/1637 1638/1638/1638 1635/1635/1635
f 1631/1631/1631 1636/1636/1636 1635/1635/1635
f 1646/1646/1646 1639/1639/1639 1641/1641/1641 1643/1643/1643
f 1640/1640/1640 1645/1645/1645 1644/1644/1644 1642/1642/1642
f 1645/1645/1645 1646/1646/1646 1643/1643/1643 1644/1644/1644
f 1648/1648/1648 1652/1652/1652 1651/1651/1651 1647/1647/1647
f 1649/1649/1649 1651/1651/1651 1652/1652/1652 1650/1650/1650
f 1654/1654/1654 1653/1653/1653 1657/1657/1657 1658/1658/1658
f 1655/1655/1655 1656/1656/1656 1658/1658/1658 1657/1657/1657
usemtl diffuse_0_0_0_255
v -7126.27734375 -2.9032435122644529E-08 -6869.58154296875
v -7126.27734375 2000 -6869.58154296875
v -7126.27734375 0 183.12629699707031
v -7126.27734375 2000 183.12629699707031
v -7126.27734375 -2.5403380732313963E-08 -5987.9931640625
v -7126.27734375 -2.1774326341983397E-08 -5106.40478515625
v -7126.27734375 -1.814527195165283E-08 -4224.81640625
v -7126.27734375 -1.4516217561322264E-08 -3343.227783203125
v -7126.27734375 -1.0887163170991698E-08 -2461.63916015625
v -7126.27734375 -7.2581087806611322E-09 -1580.0506591796875
v -7126.27734375 -3.6290543903305661E-09 -698.46221923828125
v -7126.27734375 2000 -3343.227783203125
v -7126.27734375 1000 -3343.227783203125
v -7126.27734375 666.66668701171875 183.12629699707031
v -7126.27734375 1333.3333740234375 183.12629699707031
v -7126.27734375 1000 -1580.0506591796875
v -7126.27734375 500 -3343.227783203125
v -7126.27734375 500 -1580.0506591796875
v -7126.27734375 2000 -1580.0506591796875
v -7126.27734375 1500 -3343.227783203125
v -7126.27734375 1500 -1580.0506591796875
v -7126.27734375 2000 -698.46221923828125
v -7126.27734375 2000 -2461.63916015625
v -7126.27734375 2000 -4224.81640625
v -7126.27734375 2000 -5106.40478515625
v -7126.27734375 2000 -5987.9931640625
v -7126.27734375 1333.3333740234375 -6869.58154296875
v -7126.27734375 666.66668701171875 -6869.58154296875
v -7126.27734375 1000 -5106.40478515625
v -7126.27734375 1500 -5106.40478515625
v -7126.27734375 500 -5106.40478515625
v -7126.27734375 0 183.12629699707031
v -7126.27734375 2000 183.12629699707031
v -6926.27734375 0 183.12629699707031
v -6926.27734375 2000 183.12629699707031
v -7126.27734375 1333.3333740234375 183.12629699707031
v -7126.27734375 666.66668701171875 183.12629699707031
v -6926.27734375 666.66668701171875 183.12629699707031
v -6926.27734375 1333.3333740234375 183.12629699707031
v -6926.27734375 0 183.12629699707031
v -6926.27734375 2000 183.12629699707031
v -6926.27734375 -2.9032435122644529E-08 -6869.58154296875
v -6926.27734375 2000 -6869.58154296875
v -6926.27734375 1333.3333740234375 183.12629699707031
v -6926.27734375 666.66668701171875 183.12629699707031
v -6926.27734375 2000 -3343.227783203125
v -6926.27734375 -1.4516217561322264E-08 -3343.227783203125
v -6926.27734375 1000 -3343.227783203125
v -6926.27734375 1500 -3343.227783203125
v -6926.27734375 1000 -1580.0506591796875
v -6926.27734375 1500 -1580.0506591796875
v -6926.27734375 500 -3343.227783203125
v -6926.27734375 500 -1580.0506591796875
v -6926.27734375 -3.6290543903305661E-09 -698.46221923828125
v -6926.27734375 -7.2581087806611322E-09 -1580.0506591796875
v -6926.27734375 -1.0887163170991698E-08 -2461.63916015625
v -6926.27734375 -1.814527195165283E-08 -4224.81640625
v -6926.27734375 -2.1774326341983397E-08 -5106.40478515625
v -6926.27734375 -2.5403380732313963E-08 -5987.9931640625
v -6926.27734375 666.66668701171875 -6869.58154296875
v -6926.27734375 1333.3333740234375 -6869.58154296875
v -6926.27734375 1000 -5106.40478515625
v -6926.27734375 500 -5106.40478515625
v -6926.27734375 1500 -5106.40478515625
v -6926.27734375 2000 -5987.9931640625
v -6926.27734375 2000 -5106.40478515625
v -6926.27734375 2000 -4224.81640625
v -6926.27734375 2000 -2461.63916015625
v -6926.27734375 2000 -1580.0506591796875
v -6926.27734375 2000 -698.46221923828125
v -6926.27734375 -2.9032435122644529E-08 -6869.58154296875
v -6926.27734375 2000 -6869.58154296875
v -7126.27734375 -2.9032435122644529E-08 -6869.58154296875
v -7126.27734375 2000 -6869.58154296875
v -7126.27734375 666.66668701171875 -6869.58154296875
v -7126.27734375 1333.3333740234375 -6869.58154296875
v -6926.27734375 1333.3333740234375 -6869.58154296875
v -6926.27734375 666.66668701171875 -6869.58154296875
v -7126.27734375 -2.9032435122644529E-08 -6869.58154296875
v -6926.27734375 -2.9032435122644529E-08 -6869.58154296875
v -6926.27734375 -1.4516217561322264E-08 -3343.227783203125
v -7126.27734375 0 183.12629699707031
v -6926.27734375 0 183.12629699707031
v -7126.27734375 -2.5403380732313963E-08 -5987.9931640625
v -7126.27734375 -2.1774326341983397E-08 -5106.40478515625
v -7126.27734375 -1.814527195165283E-08 -4224.81640625
v -7126.27734375 -1.4516217561322264E-08 -3343.227783203125
v -7126.27734375 -1.0887163170991698E-08 -2461.63916015625
v -7126.27734375 -7.2581087806611322E-09 -1580.0506591796875
v -7126.27734375 -3.6290543903305661E-09 -698.46221923828125
v -6926.27734375 -3.6290543903305661E-09 -698.46221923828125
v -6926.27734375 -7.2581087806611322E-09 -1580.0506591796875
v -6926.27734375 -1.0887163170991698E-08 -2461.63916015625
v -6926.27734375 -1.814527195165283E-08 -4224.81640625
v -6926.27734375 -2.1774326341983397E-08 -5106.40478515625
v -6926.27734375 -2.5403380732313963E-08 -5987.9931640625
v -7126.27734375 2000 -6869.58154296875
v -6926.27734375 2000 -6869.58154296875
v -6926.27734375 2000 -3343.227783203125
v -7126.27734375 2000 183.12629699707031
v -6926.27734375 2000 183.12629699707031
v -7126.27734375 2000 -5987.9931640625
v -7126.27734375 2000 -5106.40478515625
v -7126.27734375 2000 -4224.81640625
v -7126.27734375 2000 -3343.227783203125
v -7126.27734375 2000 -2461.63916015625
v -7126.27734375 2000 -1580.0506591796875
v -7126.27734375 2000 -698.46221923828125
v -6926.27734375 2000 -698.46221923828125
v -6926.27734375 2000 -1580.0506591796875
v -6926.27734375 2000 -2461.63916015625
v -6926.27734375 2000 -4224.81640625
v -6926.27734375 2000 -5106.40478515625
v -6926.27734375 2000 -5987.9931640625
vt 0.053671766072511673 0.086029842495918274
vt 0.053671766072511673 0.35438868403434753
vt 0.99853515625 0.086029842495918274
vt 0.99853515625 0.35438868403434753
vt 0.17177969217300415 0.086029842495918274
vt 0.28988760709762573 0.086029842495918274
vt 0.4079955518245697 0.086029842495918274
vt 0.5261034369468689 0.086029842495918274
vt 0.64421141147613525 0.086029842495918274
vt 0.76231932640075684 0.086029842495918274
vt 0.88042724132537842 0.086029842495918274
vt 0.5261034369468689 0.35438868403434753
vt 0.5261034369468689 0.22020925581455231
vt 0.99853515625 0.17548277974128723
vt 0.99853515625 0.26493573188781738
vt 0.76231932640075684 0.22020925581455231
vt 0.5261034369468689 0.15311954915523529
vt 0.76231932640075684 0.15311954915523529
vt 0.76231932640075684 0.35438868403434753
vt 0.5261034369468689 0.28729894757270813
vt 0.76231932640075684 0.28729894757270813
vt 0.88042724132537842 0.35438868403434753
vt 0.64421141147613525 0.35438868403434753
vt 0.4079955518245697 0.35438868403434753
vt 0.28988760709762573 0.35438868403434753
vt 0.17177969217300415 0.35438868403434753
vt 0.053671766072511673 0.26493573188781738
vt 0.053671766072511673 0.17548277974128723
vt 0.28988760709762573 0.22020925581455231
vt 0.28988760709762573 0.28729894757270813
vt 0.28988760709762573 0.15311954915523529
vt 0.32203060388565063 0.043014921247959137
vt 0.053671766072511673 0.043014921247959137
vt 0.32203060388565063 0.069850802421569824
vt 0.053671766072511673 0.069850802421569824
vt 0.14312469959259033 0.043014921247959137
vt 0.23257765173912048 0.043014921247959137
vt 0.23257765173912048 0.069850802421569824
vt 0.14312469959259033 0.069850802421569824
vt 0.053671766072511673 0.51617902517318726
vt 0.053671766072511673 0.78453785181045532
vt 0.99853515625 0.51617902517318726
vt 0.99853515625 0.78453785181045532
vt 0.053671766072511673 0.69508492946624756
vt 0.053671766072511673 0.60563200712203979
vt 0.5261034369468689 0.78453785181045532
vt 0.5261034369468689 0.51617902517318726
vt 0.5261034369468689 0.65035843849182129
vt 0.5261034369468689 0.71744817495346069
vt 0.28988760709762573 0.65035843849182129
vt 0.28988760709762573 0.71744817495346069
vt 0.5261034369468689 0.58326876163482666
vt 0.28988760709762573 0.58326876163482666
vt 0.17177969217300415 0.51617902517318726
vt 0.28988760709762573 0.51617902517318726
vt 0.4079955518245697 0.51617902517318726
vt 0.64421141147613525 0.51617902517318726
vt 0.76231932640075684 0.51617902517318726
vt 0.88042724132537842 0.51617902517318726
vt 0.99853515625 0.60563200712203979
vt 0.99853515625 0.69508492946624756
vt 0.76231932640075684 0.65035843849182129
vt 0.76231932640075684 0.58326876163482666
vt 0.76231932640075684 0.71744817495346069
vt 0.88042724132537842 0.78453785181045532
vt 0.76231932640075684 0.78453785181045532
vt 0.64421141147613525 0.78453785181045532
vt 0.4079955518245697 0.78453785181045532
vt 0.28988760709762573 0.78453785181045532
vt 0.17177969217300415 0.78453785181045532
vt 0.32203060388565063 0
vt 0.053671766072511673 0
vt 0.32203060388565063 0.026835883036255836
vt 0.053671766072511673 0.026835883036255836
vt 0.23257765173912048 0.026835883036255836
vt 0.14312469959259033 0.026835883036255836
vt 0.14312469959259033 0
vt 0.23257765173912048 0
vt 0.052206922322511673 0
vt 0.026835883036255836 0
vt 0.026835883036255836 0.47243168950080872
vt 0.052206922322511673 0.94486337900161743
vt 0.026835883036255836 0.94486337900161743
vt 0.052206922322511673 0.11810792237520218
vt 0.052206922322511673 0.23621584475040436
vt 0.052206922322511673 0.35432377457618713
vt 0.052206922322511673 0.47243168950080872
vt 0.052206922322511673 0.59053963422775269
vt 0.052206922322511673 0.70864754915237427
vt 0.052206922322511673 0.82675546407699585
vt 0.026835883036255836 0.82675546407699585
vt 0.026835883036255836 0.70864754915237427
vt 0.026835883036255836 0.59053963422775269
vt 0.026835883036255836 0.35432377457618713
vt 0.026835883036255836 0.23621584475040436
vt 0.026835883036255836 0.11810792237520218
vt 0.025371039286255836 0
vt 0 0
vt 0 0.47243168950080872
vt 0.025371039286255836 0.94486337900161743
vt 0 0.94486337900161743
vt 0.025371039286255836 0.11810792237520218
vt 0.025371039286255836 0.23621584475040436
vt 0.025371039286255836 0.35432377457618713
vt 0.025371039286255836 0.47243168950080872
vt 0.025371039286255836 0.59053963422775269
vt 0.025371039286255836 0.70864754915237427
vt 0.025371039286255836 0.82675546407699585
vt 0 0.82675546407699585
vt 0 0.70864754915237427
vt 0 0.59053963422775269
vt 0 0.35432377457618713
vt 0 0.23621584475040436
vt 0 0.11810792237520218
vn -1 0 0
vn -1 0 0
vn -1 0 0
vn -1 0 0
vn -1 0 0
vn -1 0 0
vn -1 0 0
vn -1 0 0
vn -1 0 0
vn -1 0 0
vn -1 0 0
vn -1 0 0
vn -1 0 0
vn -1 0 0
vn -1 0 0
vn -1 0 0
vn -1 0 0
vn -1 0 0
vn -1 0 0
vn -1 0 0
vn -1 0 0
vn -1 0 0
vn -1 0 0
vn -1 0 0
vn -1 0 0
vn -1 0 0
vn -1 0 0
vn -1 0 0
vn -1 0 0
vn -1 0 0
vn -1 0 0
vn 0 0 1
vn 0 0 1
vn 0 0 1
vn 0 0 1
vn 0 0 1
vn 0 0 1
vn 0 0 1
vn 0 0 1
vn 1 0 0
vn 1 0 0
vn 1 0 0
vn 1 0 0
vn 1 0 0
vn 1 0 0
vn 1 0 0
vn 1 0 0
vn 1 0 0
vn 1 0 0
vn 1 0 0
vn 1 0 0
vn 1 0 0
vn 1 0 0
vn 1 0 0
vn 1 0 0
vn 1 0 0
vn 1 0 0
vn 1 0 0
vn 1 0 0
vn 1 0 0
vn 1 0 0
vn 1 0 0
vn 1 0 0
vn 1 0 0
vn 1 0 0
vn 1 0 0
vn 1 0 0
vn 1 0 0
vn 1 0 0
vn 1 0 0
vn 0 0 -1
vn 0 0 -1
vn 0 0 -1
vn 0 0 -1
vn 0 0 -1
vn 0 0 -1
vn 0 0 -1
vn 0 0 -1
vn 0 -1 0
vn 0 -1 0
vn 0 -1 0
vn 0 -1 0
vn 0 -1 0
vn 0 -1 0
vn 0 -1 0
vn 0 -1 0
vn 0 -1 0
vn 0 -1 0
vn 0 -1 0
vn 0 -1 0
vn 0 -1 0
vn 0 -1 0
vn 0 -1 0
vn 0 -1 0
vn 0 -1 0
vn 0 -1 0
vn 0 1 0
vn 0 1 0
vn 0 1 0
vn 0 1 0
vn 0 1 0
vn 0 1 0
vn 0 1 0
vn 0 1 0
vn 0 1 0
vn 0 1 0
vn 0 1 0
vn 0 1 0
vn 0 1 0
vn 0 1 0
vn 0 1 0
vn 0 1 0
vn 0 1 0
vn 0 1 0
f 1679/1679/1679 1678/1678/1678 1671/1671/1671 1674/1674/1674
f 1678/1678/1678 1688/1688/1688 1687/1687/1687 1671/1671/1671
f 1671/1671/1671 1687/1687/1687 1689/1689/1689 1675/1675/1675
f 1674/1674/1674 1671/1671/1671 1675/1675/1675 1676/1676/1676
f 1663/1663/1663 1686/1686/1686 1659/1659/1659
f 1689/1689/1689 1663/1663/1663 1664/1664/1664
f 1675/1675/1675 1665/1665/1665 1666/1666/1666
f 1665/1665/1665 1675/1675/1675 1689/1689/1689
f 1675/1675/1675 1666/1666/1666 1667/1667/1667
f 1664/1664/1664 1665/1665/1665 1689/1689/1689
f 1689/1689/1689 1686/1686/1686 1663/1663/1663
f 1688/1688/1688 1684/1684/1684 1685/1685/1685
f 1685/1685/1685 1684/1684/1684 1660/1660/1660
f 1685/1685/1685 1686/1686/1686 1689/1689/1689 1687/1687/1687
f 1684/1684/1684 1688/1688/1688 1683/1683/1683
f 1688/1688/1688 1682/1682/1682 1683/1683/1683
f 1688/1688/1688 1678/1678/1678 1670/1670/1670 1682/1682/1682
f 1687/1687/1687 1688/1688/1688 1685/1685/1685
f 1676/1676/1676 1667/1667/1667 1668/1668/1668
f 1669/1669/1669 1676/1676/1676 1668/1668/1668
f 1672/1672/1672 1669/1669/1669 1661/1661/1661
f 1672/1672/1672 1673/1673/1673 1679/1679/1679 1674/1674/1674
f 1672/1672/1672 1674/1674/1674 1676/1676/1676
f 1669/1669/1669 1672/1672/1672 1676/1676/1676
f 1681/1681/1681 1678/1678/1678 1679/1679/1679
f 1678/1678/1678 1681/1681/1681 1670/1670/1670
f 1681/1681/1681 1679/1679/1679 1677/1677/1677
f 1677/1677/1677 1679/1679/1679 1680/1680/1680
f 1673/1673/1673 1680/1680/1680 1679/1679/1679
f 1673/1673/1673 1662/1662/1662 1680/1680/1680
f 1667/1667/1667 1676/1676/1676 1675/1675/1675
f 1695/1695/1695 1690/1690/1690 1692/1692/1692 1696/1696/1696
f 1691/1691/1691 1694/1694/1694 1697/1697/1697 1693/1693/1693
f 1694/1694/1694 1695/1695/1695 1696/1696/1696 1697/1697/1697
f 1722/1722/1722 1707/1707/1707 1706/1706/1706 1720/1720/1720
f 1707/1707/1707 1709/1709/1709 1708/1708/1708 1706/1706/1706
f 1706/1706/1706 1708/1708/1708 1711/1711/1711 1710/1710/1710
f 1720/1720/1720 1706/1706/1706 1710/1710/1710 1721/1721/1721
f 1712/1712/1712 1703/1703/1703 1698/1698/1698
f 1711/1711/1711 1712/1712/1712 1713/1713/1713
f 1710/1710/1710 1714/1714/1714 1705/1705/1705
f 1714/1714/1714 1710/1710/1710 1711/1711/1711
f 1710/1710/1710 1705/1705/1705 1715/1715/1715
f 1713/1713/1713 1714/1714/1714 1711/1711/1711
f 1711/1711/1711 1703/1703/1703 1712/1712/1712
f 1709/1709/1709 1728/1728/1728 1702/1702/1702
f 1702/1702/1702 1728/1728/1728 1699/1699/1699
f 1702/1702/1702 1703/1703/1703 1708/1708/1708 1709/1709/1709
f 1728/1728/1728 1709/1709/1709 1727/1727/1727
f 1709/1709/1709 1726/1726/1726 1727/1727/1727
f 1726/1726/1726 1709/1709/1709 1707/1707/1707
f 1708/1708/1708 1703/1703/1703 1711/1711/1711
f 1716/1716/1716 1721/1721/1721 1715/1715/1715
f 1718/1718/1718 1720/1720/1720 1721/1721/1721
f 1721/1721/1721 1717/1717/1717 1718/1718/1718
f 1717/1717/1717 1700/1700/1700 1718/1718/1718
f 1716/1716/1716 1717/1717/1717 1721/1721/1721
f 1719/1719/1719 1720/1720/1720 1718/1718/1718
f 1707/1707/1707 1722/1722/1722 1724/1724/1724 1725/1725/1725
f 1707/1707/1707 1725/1725/1725 1704/1704/1704
f 1726/1726/1726 1707/1707/1707 1704/1704/1704
f 1724/1724/1724 1722/1722/1722 1723/1723/1723
f 1719/1719/1719 1723/1723/1723 1722/1722/1722
f 1719/1719/1719 1701/1701/1701 1723/1723/1723
f 1722/1722/1722 1720/1720/1720 1719/1719/1719
f 1715/1715/1715 1721/1721/1721 1710/1710/1710
f 1736/1736/1736 1729/1729/1729 1731/1731/1731 1733/1733/1733
f 1730/1730/1730 1735/1735/1735 1734/1734/1734 1732/1732/1732
f 1735/1735/1735 1736/1736/1736 1733/1733/1733 1734/1734/1734
f 1737/1737/1737 1738/1738/1738 1754/1754/1754 1742/1742/1742
f 1743/1743/1743 1753/1753/1753 1752/1752/1752 1744/1744/1744
f 1742/1742/1742 1754/1754/1754 1753/1753/1753 1743/1743/1743
f 1739/1739/1739 1745/1745/1745 1744/1744/1744 1752/1752/1752
f 1746/1746/1746 1751/1751/1751 1750/1750/1750 1747/1747/1747
f 1748/1748/1748 1749/1749/1749 1741/1741/1741 1740/1740/1740
f 1747/1747/1747 1750/1750/1750 1749/1749/1749 1748/1748/1748
f 1751/1751/1751 1746/1746/1746 1745/1745/1745 1739/1739/1739
f 1755/1755/1755 1760/1760/1760 1772/1772/1772 1756/1756/1756
f 1761/1761/1761 1762/1762/1762 1770/1770/1770 1771/1771/1771
f 1760/1760/1760 1761/1761/1761 1771/1771/1771 1772/1772/1772
f 1757/1757/1757 1770/1770/1770 1762/1762/1762 1763/1763/1763
f 1764/1764/1764 1765/1765/1765 1768/1768/1768 1769/1769/1769
f 1766/1766/1766 1758/1758/1758 1759/1759/1759 1767/1767/1767
f 1765/1765/1765 1766/1766/1766 1767/1767/1767 1768/1768/1768
f 1769/1769/1769 1757/1757/1757 1763/1763/1763 1764/1764/1764
usemtl diffuse_0_0_0_255
v -7126.27734375 -2.9032435122644529E-08 -6596.8720703125
v -7126.27734375 2000 -6596.8720703125
v -395.09158325195313 -2.9032435122644529E-08 -6596.8720703125
v -395.09158325195313 2000 -6596.8720703125
v 6336.09423828125 -2.9032435122644529E-08 -6596.8720703125
v 6336.09423828125 2000 -6596.8720703125
v -6284.87939453125 -2.9032435122644529E-08 -6596.8720703125
v -5443.48095703125 -2.9032435122644529E-08 -6596.8720703125
v -4602.0830078125 -2.9032435122644529E-08 -6596.8720703125
v -3760.6845703125 -2.9032435122644529E-08 -6596.8720703125
v -2919.286376953125 -2.9032435122644529E-08 -6596.8720703125
v -2077.88818359375 -2.9032435122644529E-08 -6596.8720703125
v -1236.4898681640625 -2.9032435122644529E-08 -6596.8720703125
v 446.30667114257813 -2.9032435122644529E-08 -6596.8720703125
v 1287.7049560546875 -2.9032435122644529E-08 -6596.8720703125
v 2129.10302734375 -2.9032435122644529E-08 -6596.8720703125
v 2970.50146484375 -2.9032435122644529E-08 -6596.8720703125
v 3811.899658203125 -2.9032435122644529E-08 -6596.8720703125
v 4653.2978515625 -2.9032435122644529E-08 -6596.8720703125
v 5494.6962890625 -2.9032435122644529E-08 -6596.8720703125
v -3760.6845703125 2000 -6596.8720703125
v -3760.6845703125 1000 -6596.8720703125
v 2970.50146484375 2000 -6596.8720703125
v 2970.50146484375 1000 -6596.8720703125
v 6336.09423828125 666.66668701171875 -6596.8720703125
v 6336.09423828125 1333.3333740234375 -6596.8720703125
v 4653.2978515625 1000 -6596.8720703125
v 2970.50146484375 500 -6596.8720703125
v 4653.2978515625 500 -6596.8720703125
v 4653.2978515625 2000 -6596.8720703125
v 2970.50146484375 1500 -6596.8720703125
v 4653.2978515625 1500 -6596.8720703125
v 5494.6962890625 2000 -6596.8720703125
v 3811.899658203125 2000 -6596.8720703125
v 2129.10302734375 2000 -6596.8720703125
v 1287.7049560546875 2000 -6596.8720703125
v 446.30667114257813 2000 -6596.8720703125
v -1236.4898681640625 2000 -6596.8720703125
v -2077.88818359375 2000 -6596.8720703125
v -2919.286376953125 2000 -6596.8720703125
v -4602.0830078125 2000 -6596.8720703125
v -5443.48095703125 2000 -6596.8720703125
v -6284.87939453125 2000 -6596.8720703125
v -7126.27734375 1333.3333740234375 -6596.8720703125
v -7126.27734375 666.66668701171875 -6596.8720703125
v -3760.6845703125 1500 -6596.8720703125
v -5443.48095703125 1000 -6596.8720703125
v -5443.48095703125 1500 -6596.8720703125
v -3760.6845703125 500 -6596.8720703125
v -5443.48095703125 500 -6596.8720703125
v 6336.09423828125 -2.9032435122644529E-08 -6596.8720703125
v 6336.09423828125 2000 -6596.8720703125
v 6336.09423828125 -2.9032435122644529E-08 -6796.8720703125
v 6336.09423828125 2000 -6796.8720703125
v 6336.09423828125 1333.3333740234375 -6596.8720703125
v 6336.09423828125 666.66668701171875 -6596.8720703125
v 6336.09423828125 666.66668701171875 -6796.8720703125
v 6336.09423828125 1333.3333740234375 -6796.8720703125
v 6336.09423828125 -2.9032435122644529E-08 -6796.8720703125
v 6336.09423828125 2000 -6796.8720703125
v -395.09158325195313 -2.9032435122644529E-08 -6796.8720703125
v -395.09158325195313 2000 -6796.8720703125
v -7126.27734375 -2.9032435122644529E-08 -6796.8720703125
v -7126.27734375 2000 -6796.8720703125
v 6336.09423828125 1333.3333740234375 -6796.8720703125
v 6336.09423828125 666.66668701171875 -6796.8720703125
v 2970.50146484375 2000 -6796.8720703125
v 2970.50146484375 -2.9032435122644529E-08 -6796.8720703125
v 2970.50146484375 1000 -6796.8720703125
v 2970.50146484375 1500 -6796.8720703125
v 4653.2978515625 2000 -6796.8720703125
v 4653.2978515625 1000 -6796.8720703125
v 4653.2978515625 1500 -6796.8720703125
v 2970.50146484375 500 -6796.8720703125
v 4653.2978515625 -2.9032435122644529E-08 -6796.8720703125
v 4653.2978515625 500 -6796.8720703125
v 5494.6962890625 -2.9032435122644529E-08 -6796.8720703125
v 3811.899658203125 -2.9032435122644529E-08 -6796.8720703125
v 2129.10302734375 -2.9032435122644529E-08 -6796.8720703125
v 1287.7049560546875 -2.9032435122644529E-08 -6796.8720703125
v 446.30667114257813 -2.9032435122644529E-08 -6796.8720703125
v -1236.4898681640625 -2.9032435122644529E-08 -6796.8720703125
v -2077.88818359375 -2.9032435122644529E-08 -6796.8720703125
v -2919.286376953125 -2.9032435122644529E-08 -6796.8720703125
v -3760.6845703125 -2.9032435122644529E-08 -6796.8720703125
v -4602.0830078125 -2.9032435122644529E-08 -6796.8720703125
v -5443.48095703125 -2.9032435122644529E-08 -6796.8720703125
v -6284.87939453125 -2.9032435122644529E-08 -6796.8720703125
v -3760.6845703125 2000 -6796.8720703125
v -3760.6845703125 1000 -6796.8720703125
v -7126.27734375 666.66668701171875 -6796.8720703125
v -7126.27734375 1333.3333740234375 -6796.8720703125
v -5443.48095703125 1000 -6796.8720703125
v -3760.6845703125 500 -6796.8720703125
v -5443.48095703125 500 -6796.8720703125
v -5443.48095703125 2000 -6796.8720703125
v -3760.6845703125 1500 -6796.8720703125
v -5443.48095703125 1500 -6796.8720703125
v -6284.87939453125 2000 -6796.8720703125
v -4602.0830078125 2000 -6796.8720703125
v -2919.286376953125 2000 -6796.8720703125
v -2077.88818359375 2000 -6796.8720703125
v -1236.4898681640625 2000 -6796.8720703125
v 446.30667114257813 2000 -6796.8720703125
v 1287.7049560546875 2000 -6796.8720703125
v 2129.10302734375 2000 -6796.8720703125
v 3811.899658203125 2000 -6796.8720703125
v 5494.6962890625 2000 -6796.8720703125
v -7126.27734375 -2.9032435122644529E-08 -6796.8720703125
v -7126.27734375 2000 -6796.8720703125
v -7126.27734375 -2.9032435122644529E-08 -6596.8720703125
v -7126.27734375 2000 -6596.8720703125
v -7126.27734375 666.66668701171875 -6596.8720703125
v -7126.27734375 1333.3333740234375 -6596.8720703125
v -7126.27734375 1333.3333740234375 -6796.8720703125
v -7126.27734375 666.66668701171875 -6796.8720703125
v -7126.27734375 -2.9032435122644529E-08 -6596.8720703125
v -7126.27734375 -2.9032435122644529E-08 -6796.8720703125
v -3760.6845703125 -2.9032435122644529E-08 -6596.8720703125
v -3760.6845703125 -2.9032435122644529E-08 -6796.8720703125
v -395.09158325195313 -2.9032435122644529E-08 -6596.8720703125
v -395.09158325195313 -2.9032435122644529E-08 -6796.8720703125
v 2970.50146484375 -2.9032435122644529E-08 -6596.8720703125
v 2970.50146484375 -2.9032435122644529E-08 -6796.8720703125
v 6336.09423828125 -2.9032435122644529E-08 -6596.8720703125
v 6336.09423828125 -2.9032435122644529E-08 -6796.8720703125
v -6284.87939453125 -2.9032435122644529E-08 -6596.8720703125
v -5443.48095703125 -2.9032435122644529E-08 -6596.8720703125
v -4602.0830078125 -2.9032435122644529E-08 -6596.8720703125
v -2919.286376953125 -2.9032435122644529E-08 -6596.8720703125
v -2077.88818359375 -2.9032435122644529E-08 -6596.8720703125
v -1236.4898681640625 -2.9032435122644529E-08 -6596.8720703125
v 446.30667114257813 -2.9032435122644529E-08 -6596.8720703125
v 1287.7049560546875 -2.9032435122644529E-08 -6596.8720703125
v 2129.10302734375 -2.9032435122644529E-08 -6596.8720703125
v 3811.899658203125 -2.9032435122644529E-08 -6596.8720703125
v 4653.2978515625 -2.9032435122644529E-08 -6596.8720703125
v 5494.6962890625 -2.9032435122644529E-08 -6596.8720703125
v 5494.6962890625 -2.9032435122644529E-08 -6796.8720703125
v 4653.2978515625 -2.9032435122644529E-08 -6796.8720703125
v 3811.899658203125 -2.9032435122644529E-08 -6796.8720703125
v 2129.10302734375 -2.9032435122644529E-08 -6796.8720703125
v 1287.7049560546875 -2.9032435122644529E-08 -6796.8720703125
v 446.30667114257813 -2.9032435122644529E-08 -6796.8720703125
v -1236.4898681640625 -2.9032435122644529E-08 -6796.8720703125
v -2077.88818359375 -2.9032435122644529E-08 -6796.8720703125
v -2919.286376953125 -2.9032435122644529E-08 -6796.8720703125
v -4602.0830078125 -2.9032435122644529E-08 -6796.8720703125
v -5443.48095703125 -2.9032435122644529E-08 -6796.8720703125
v -6284.87939453125 -2.9032435122644529E-08 -6796.8720703125
v -7126.27734375 2000 -6596.8720703125
v -7126.27734375 2000 -6796.8720703125
v -3760.6845703125 2000 -6596.8720703125
v -3760.6845703125 2000 -6796.8720703125
v -395.09158325195313 2000 -6596.8720703125
v -395.09158325195313 2000 -6796.8720703125
v 2970.50146484375 2000 -6596.8720703125
v 2970.50146484375 2000 -6796.8720703125
v 6336.09423828125 2000 -6596.8720703125
v 6336.09423828125 2000 -6796.8720703125
v -6284.87939453125 2000 -6596.8720703125
v -5443.48095703125 2000 -6596.8720703125
v -4602.0830078125 2000 -6596.8720703125
v -2919.286376953125 2000 -6596.8720703125
v -2077.88818359375 2000 -6596.8720703125
v -1236.4898681640625 2000 -6596.8720703125
v 446.30667114257813 2000 -6596.8720703125
v 1287.7049560546875 2000 -6596.8720703125
v 2129.10302734375 2000 -6596.8720703125
v 3811.899658203125 2000 -6596.8720703125
v 4653.2978515625 2000 -6596.8720703125
v 5494.6962890625 2000 -6596.8720703125
v 5494.6962890625 2000 -6796.8720703125
v 4653.2978515625 2000 -6796.8720703125
v 3811.899658203125 2000 -6796.8720703125
v 2129.10302734375 2000 -6796.8720703125
v 1287.7049560546875 2000 -6796.8720703125
v 446.30667114257813 2000 -6796.8720703125
v -1236.4898681640625 2000 -6796.8720703125
v -2077.88818359375 2000 -6796.8720703125
v -2919.286376953125 2000 -6796.8720703125
v -4602.0830078125 2000 -6796.8720703125
v -5443.48095703125 2000 -6796.8720703125
v -6284.87939453125 2000 -6796.8720703125
vt 0.028855090960860252 0.52971541881561279
vt 0.028855090960860252 0.67399084568023682
vt 0.5136951208114624 0.52971541881561279
vt 0.5136951208114624 0.67399084568023682
vt 0.99853515625 0.52971541881561279
vt 0.99853515625 0.67399084568023682
vt 0.089460097253322601 0.52971541881561279
vt 0.1500650942325592 0.52971541881561279
vt 0.2106700986623764 0.52971541881561279
vt 0.2712751030921936 0.52971541881561279
vt 0.331880122423172 0.52971541881561279
vt 0.392485111951828 0.52971541881561279
vt 0.4530901312828064 0.52971541881561279
vt 0.57430011034011841 0.52971541881561279
vt 0.63490515947341919 0.52971541881561279
vt 0.6955101490020752 0.52971541881561279
vt 0.7561151385307312 0.52971541881561279
vt 0.81672012805938721 0.52971541881561279
vt 0.87732517719268799 0.52971541881561279
vt 0.93793016672134399 0.52971541881561279
vt 0.2712751030921936 0.67399084568023682
vt 0.2712751030921936 0.6018531322479248
vt 0.7561151385307312 0.67399084568023682
vt 0.7561151385307312 0.6018531322479248
vt 0.99853515625 0.57780724763870239
vt 0.99853515625 0.62589901685714722
vt 0.87732517719268799 0.6018531322479248
vt 0.7561151385307312 0.5657842755317688
vt 0.87732517719268799 0.5657842755317688
vt 0.87732517719268799 0.67399084568023682
vt 0.7561151385307312 0.63792198896408081
vt 0.87732517719268799 0.63792198896408081
vt 0.93793016672134399 0.67399084568023682
vt 0.81672012805938721 0.67399084568023682
vt 0.6955101490020752 0.67399084568023682
vt 0.63490515947341919 0.67399084568023682
vt 0.57430011034011841 0.67399084568023682
vt 0.4530901312828064 0.67399084568023682
vt 0.392485111951828 0.67399084568023682
vt 0.331880122423172 0.67399084568023682
vt 0.2106700986623764 0.67399084568023682
vt 0.1500650942325592 0.67399084568023682
vt 0.089460097253322601 0.67399084568023682
vt 0.028855090960860252 0.62589901685714722
vt 0.028855090960860252 0.57780724763870239
vt 0.2712751030921936 0.63792198896408081
vt 0.1500650942325592 0.6018531322479248
vt 0.1500650942325592 0.63792198896408081
vt 0.2712751030921936 0.5657842755317688
vt 0.1500650942325592 0.5657842755317688
vt 0.17313054203987122 0.0441429503262043
vt 0.028855090960860252 0.0441429503262043
vt 0.17313054203987122 0.058570496737957001
vt 0.028855090960860252 0.058570496737957001
vt 0.076946906745433807 0.0441429503262043
vt 0.12503872811794281 0.0441429503262043
vt 0.12503872811794281 0.058570496737957001
vt 0.076946906745433807 0.058570496737957001
vt 0.028855090960860252 0.0882859006524086
vt 0.028855090960860252 0.23256134986877441
vt 0.5136951208114624 0.0882859006524086
vt 0.5136951208114624 0.23256134986877441
vt 0.99853515625 0.0882859006524086
vt 0.99853515625 0.23256134986877441
vt 0.028855090960860252 0.18446953594684601
vt 0.028855090960860252 0.1363777220249176
vt 0.2712751030921936 0.23256134986877441
vt 0.2712751030921936 0.0882859006524086
vt 0.2712751030921936 0.16042362153530121
vt 0.2712751030921936 0.19649249315261841
vt 0.1500650942325592 0.23256134986877441
vt 0.1500650942325592 0.16042362153530121
vt 0.1500650942325592 0.19649249315261841
vt 0.2712751030921936 0.1243547648191452
vt 0.1500650942325592 0.0882859006524086
vt 0.1500650942325592 0.1243547648191452
vt 0.089460097253322601 0.0882859006524086
vt 0.2106700986623764 0.0882859006524086
vt 0.331880122423172 0.0882859006524086
vt 0.392485111951828 0.0882859006524086
vt 0.4530901312828064 0.0882859006524086
vt 0.57430011034011841 0.0882859006524086
vt 0.63490515947341919 0.0882859006524086
vt 0.6955101490020752 0.0882859006524086
vt 0.7561151385307312 0.0882859006524086
vt 0.81672012805938721 0.0882859006524086
vt 0.87732517719268799 0.0882859006524086
vt 0.93793016672134399 0.0882859006524086
vt 0.7561151385307312 0.23256134986877441
vt 0.7561151385307312 0.16042362153530121
vt 0.99853515625 0.1363777220249176
vt 0.99853515625 0.18446953594684601
vt 0.87732517719268799 0.16042362153530121
vt 0.7561151385307312 0.1243547648191452
vt 0.87732517719268799 0.1243547648191452
vt 0.87732517719268799 0.23256134986877441
vt 0.7561151385307312 0.19649249315261841
vt 0.87732517719268799 0.19649249315261841
vt 0.93793016672134399 0.23256134986877441
vt 0.81672012805938721 0.23256134986877441
vt 0.6955101490020752 0.23256134986877441
vt 0.63490515947341919 0.23256134986877441
vt 0.57430011034011841 0.23256134986877441
vt 0.4530901312828064 0.23256134986877441
vt 0.392485111951828 0.23256134986877441
vt 0.331880122423172 0.23256134986877441
vt 0.2106700986623764 0.23256134986877441
vt 0.089460097253322601 0.23256134986877441
vt 0.17313054203987122 0
vt 0.028855090960860252 0
vt 0.17313054203987122 0.014427545480430126
vt 0.028855090960860252 0.014427545480430126
vt 0.12503872811794281 0.014427545480430126
vt 0.076946906745433807 0.014427545480430126
vt 0.076946906745433807 0
vt 0.12503872811794281 0
vt 0.027390247210860252 0
vt 0.014427545480430126 0
vt 0.027390247210860252 0.2424200177192688
vt 0.014427545480430126 0.2424200177192688
vt 0.027390247210860252 0.4848400354385376
vt 0.014427545480430126 0.4848400354385376
vt 0.027390247210860252 0.7272600531578064
vt 0.014427545480430126 0.7272600531578064
vt 0.027390247210860252 0.9696800708770752
vt 0.014427545480430126 0.9696800708770752
vt 0.027390247210860252 0.0606050044298172
vt 0.027390247210860252 0.1212100088596344
vt 0.027390247210860252 0.1818150132894516
vt 0.027390247210860252 0.3030250072479248
vt 0.027390247210860252 0.3636300265789032
vt 0.027390247210860252 0.4242350161075592
vt 0.027390247210860252 0.5454450249671936
vt 0.027390247210860252 0.60605001449584961
vt 0.027390247210860252 0.66665506362915039
vt 0.027390247210860252 0.7878650426864624
vt 0.027390247210860252 0.84847003221511841
vt 0.027390247210860252 0.90907508134841919
vt 0.014427545480430126 0.90907508134841919
vt 0.014427545480430126 0.84847003221511841
vt 0.014427545480430126 0.7878650426864624
vt 0.014427545480430126 0.66665506362915039
vt 0.014427545480430126 0.60605001449584961
vt 0.014427545480430126 0.5454450249671936
vt 0.014427545480430126 0.4242350161075592
vt 0.014427545480430126 0.3636300265789032
vt 0.014427545480430126 0.3030250072479248
vt 0.014427545480430126 0.1818150132894516
vt 0.014427545480430126 0.1212100088596344
vt 0.014427545480430126 0.0606050044298172
vt 0.012962701730430126 0
vt 0 0
vt 0.012962701730430126 0.2424200177192688
vt 0 0.2424200177192688
vt 0.012962701730430126 0.4848400354385376
vt 0 0.4848400354385376
vt 0.012962701730430126 0.7272600531578064
vt 0 0.7272600531578064
vt 0.012962701730430126 0.9696800708770752
vt 0 0.9696800708770752
vt 0.012962701730430126 0.0606050044298172
vt 0.012962701730430126 0.1212100088596344
vt 0.012962701730430126 0.1818150132894516
vt 0.012962701730430126 0.3030250072479248
vt 0.012962701730430126 0.3636300265789032
vt 0.012962701730430126 0.4242350161075592
vt 0.012962701730430126 0.5454450249671936
vt 0.012962701730430126 0.60605001449584961
vt 0.012962701730430126 0.66665506362915039
vt 0.012962701730430126 0.7878650426864624
vt 0.012962701730430126 0.84847003221511841
vt 0.012962701730430126 0.90907508134841919
vt 0 0.90907508134841919
vt 0 0.84847003221511841
vt 0 0.7878650426864624
vt 0 0.66665506362915039
vt 0 0.60605001449584961
vt 0 0.5454450249671936
vt 0 0.4242350161075592
vt 0 0.3636300265789032
vt 0 0.3030250072479248
vt 0 0.1818150132894516
vt 0 0.1212100088596344
vt 0 0.0606050044298172
vn 0 0 1
vn 0 0 1
vn 0 0 1
vn 0 0 1
vn 0 0 1
vn 0 0 1
vn 0 0 1
vn 0 0 1
vn 0 0 1
vn 0 0 1
vn 0 0 1
vn 0 0 1
vn 0 0 1
vn 0 0 1
vn 0 0 1
vn 0 0 1
vn 0 0 1
vn 0 0 1
vn 0 0 1
vn 0 0 1
vn 0 0 1
vn 0 0 1
vn 0 0 1
vn 0 0 1
vn 0 0 1
vn 0 0 1
vn 0 0 1
vn 0 0 1
vn 0 0 1
vn 0 0 1
vn 0 0 1
vn 0 0 1
vn 0 0 1
vn 0 0 1
vn 0 0 1
vn 0 0 1
vn 0 0 1
vn 0 0 1
vn 0 0 1
vn 0 0 1
vn 0 0 1
vn 0 0 1
vn 0 0 1
vn 0 0 1
vn 0 0 1
vn 0 0 1
vn 0 0 1
vn 0 0 1
vn 0 0 1
vn 0 0 1
vn 1 0 0
vn 1 0 0
vn 1 0 0
vn 1 0 0
vn 1 0 0
vn 1 0 0
vn 1 0 0
vn 1 0 0
vn 0 0 -1
vn 0 0 -1
vn 0 0 -1
vn 0 0 -1
vn 0 0 -1
vn 0 0 -1
vn 0 0 -1
vn 0 0 -1
vn 0 0 -1
vn 0 0 -1
vn 0 0 -1
vn 0 0 -1
vn 0 0 -1
vn 0 0 -1
vn 0 0 -1
vn 0 0 -1
vn 0 0 -1
vn 0 0 -1
vn 0 0 -1
vn 0 0 -1
vn 0 0 -1
vn 0 0 -1
vn 0 0 -1
vn 0 0 -1
vn 0 0 -1
vn 0 0 -1
vn 0 0 -1
vn 0 0 -1
vn 0 0 -1
vn 0 0 -1
vn 0 0 -1
vn 0 0 -1
vn 0 0 -1
vn 0 0 -1
vn 0 0 -1
vn 0 0 -1
vn 0 0 -1
vn 0 0 -1
vn 0 0 -1
vn 0 0 -1
vn 0 0 -1
vn 0 0 -1
vn 0 0 -1
vn 0 0 -1
vn 0 0 -1
vn 0 0 -1
vn 0 0 -1
vn 0 0 -1
vn 0 0 -1
vn 0 0 -1
vn -1 0 0
vn -1 0 0
vn -1 0 0
vn -1 0 0
vn -1 0 0
vn -1 0 0
vn -1 0 0
vn -1 0 0
vn 0 -1 0
vn 0 -1 0
vn 0 -1 0
vn 0 -1 0
vn 0 -1 0
vn 0 -1 0
vn 0 -1 0
vn 0 -1 0
vn 0 -1 0
vn 0 -1 0
vn 0 -1 0
vn 0 -1 0
vn 0 -1 0
vn 0 -1 0
vn 0 -1 0
vn 0 -1 0
vn 0 -1 0
vn 0 -1 0
vn 0 -1 0
vn 0 -1 0
vn 0 -1 0
vn 0 -1 0
vn 0 -1 0
vn 0 -1 0
vn 0 -1 0
vn 0 -1 0
vn 0 -1 0
vn 0 -1 0
vn 0 -1 0
vn 0 -1 0
vn 0 -1 0
vn 0 -1 0
vn 0 -1 0
vn 0 -1 0
vn 0 1 0
vn 0 1 0
vn 0 1 0
vn 0 1 0
vn 0 1 0
vn 0 1 0
vn 0 1 0
vn 0 1 0
vn 0 1 0
vn 0 1 0
vn 0 1 0
vn 0 1 0
vn 0 1 0
vn 0 1 0
vn 0 1 0
vn 0 1 0
vn 0 1 0
vn 0 1 0
vn 0 1 0
vn 0 1 0
vn 0 1 0
vn 0 1 0
vn 0 1 0
vn 0 1 0
vn 0 1 0
vn 0 1 0
vn 0 1 0
vn 0 1 0
vn 0 1 0
vn 0 1 0
vn 0 1 0
vn 0 1 0
vn 0 1 0
vn 0 1 0
f 1818/1818/1818 1820/1820/1820 1819/1819/1819 1794/1794/1794
f 1794/1794/1794 1819/1819/1819 1822/1822/1822 1821/1821/1821
f 1804/1804/1804 1803/1803/1803 1796/1796/1796 1799/1799/1799
f 1799/1799/1799 1796/1796/1796 1800/1800/1800 1801/1801/1801
f 1817/1817/1817 1773/1773/1773 1779/1779/1779
f 1822/1822/1822 1779/1779/1779 1780/1780/1780
f 1817/1817/1817 1779/1779/1779 1822/1822/1822
f 1781/1781/1781 1822/1822/1822 1780/1780/1780
f 1821/1821/1821 1822/1822/1822 1781/1781/1781
f 1822/1822/1822 1819/1819/1819 1817/1817/1817
f 1821/1821/1821 1782/1782/1782 1783/1783/1783
f 1821/1821/1821 1783/1783/1783 1784/1784/1784
f 1785/1785/1785 1794/1794/1794 1821/1821/1821
f 1784/1784/1784 1785/1785/1785 1821/1821/1821
f 1775/1775/1775 1794/1794/1794 1785/1785/1785
f 1781/1781/1781 1782/1782/1782 1821/1821/1821
f 1820/1820/1820 1816/1816/1816 1819/1819/1819
f 1817/1817/1817 1819/1819/1819 1816/1816/1816
f 1815/1815/1815 1816/1816/1816 1820/1820/1820
f 1816/1816/1816 1815/1815/1815 1774/1774/1774
f 1820/1820/1820 1814/1814/1814 1815/1815/1815
f 1814/1814/1814 1820/1820/1820 1813/1813/1813
f 1813/1813/1813 1820/1820/1820 1818/1818/1818
f 1810/1810/1810 1818/1818/1818 1794/1794/1794
f 1793/1793/1793 1813/1813/1813 1818/1818/1818
f 1818/1818/1818 1812/1812/1812 1793/1793/1793
f 1818/1818/1818 1810/1810/1810 1811/1811/1811
f 1811/1811/1811 1812/1812/1812 1818/1818/1818
f 1776/1776/1776 1810/1810/1810 1794/1794/1794
f 1796/1796/1796 1794/1794/1794 1775/1775/1775
f 1800/1800/1800 1786/1786/1786 1787/1787/1787
f 1800/1800/1800 1787/1787/1787 1788/1788/1788
f 1788/1788/1788 1789/1789/1789 1800/1800/1800
f 1790/1790/1790 1800/1800/1800 1789/1789/1789
f 1786/1786/1786 1800/1800/1800 1796/1796/1796
f 1794/1794/1794 1796/1796/1796 1776/1776/1776
f 1801/1801/1801 1790/1790/1790 1791/1791/1791
f 1801/1801/1801 1791/1791/1791 1792/1792/1792
f 1801/1801/1801 1792/1792/1792 1797/1797/1797
f 1777/1777/1777 1797/1797/1797 1792/1792/1792
f 1800/1800/1800 1790/1790/1790 1801/1801/1801
f 1797/1797/1797 1799/1799/1799 1801/1801/1801
f 1776/1776/1776 1796/1796/1796 1809/1809/1809
f 1809/1809/1809 1796/1796/1796 1803/1803/1803
f 1808/1808/1808 1809/1809/1809 1803/1803/1803
f 1803/1803/1803 1807/1807/1807 1808/1808/1808
f 1803/1803/1803 1795/1795/1795 1807/1807/1807
f 1795/1795/1795 1803/1803/1803 1806/1806/1806
f 1804/1804/1804 1799/1799/1799 1798/1798/1798
f 1797/1797/1797 1798/1798/1798 1799/1799/1799
f 1805/1805/1805 1804/1804/1804 1798/1798/1798
f 1803/1803/1803 1804/1804/1804 1806/1806/1806
f 1804/1804/1804 1802/1802/1802 1806/1806/1806
f 1798/1798/1798 1778/1778/1778 1805/1805/1805
f 1805/1805/1805 1802/1802/1802 1804/1804/1804
f 1786/1786/1786 1796/1796/1796 1775/1775/1775
f 1828/1828/1828 1823/1823/1823 1825/1825/1825 1829/1829/1829
f 1824/1824/1824 1827/1827/1827 1830/1830/1830 1826/1826/1826
f 1827/1827/1827 1828/1828/1828 1829/1829/1829 1830/1830/1830
f 1842/1842/1842 1845/1845/1845 1844/1844/1844 1841/1841/1841
f 1841/1841/1841 1844/1844/1844 1848/1848/1848 1846/1846/1846
f 1870/1870/1870 1869/1869/1869 1862/1862/1862 1865/1865/1865
f 1865/1865/1865 1862/1862/1862 1866/1866/1866 1867/1867/1867
f 1838/1838/1838 1831/1831/1831 1849/1849/1849
f 1848/1848/1848 1849/1849/1849 1847/1847/1847
f 1838/1838/1838 1849/1849/1849 1848/1848/1848
f 1850/1850/1850 1848/1848/1848 1847/1847/1847
f 1846/1846/1846 1848/1848/1848 1850/1850/1850
f 1848/1848/1848 1844/1844/1844 1838/1838/1838
f 1846/1846/1846 1840/1840/1840 1851/1851/1851
f 1846/1846/1846 1851/1851/1851 1852/1852/1852
f 1853/1853/1853 1841/1841/1841 1846/1846/1846
f 1852/1852/1852 1853/1853/1853 1846/1846/1846
f 1833/1833/1833 1841/1841/1841 1853/1853/1853
f 1850/1850/1850 1840/1840/1840 1846/1846/1846
f 1845/1845/1845 1837/1837/1837 1844/1844/1844
f 1838/1838/1838 1844/1844/1844 1837/1837/1837
f 1880/1880/1880 1837/1837/1837 1845/1845/1845
f 1837/1837/1837 1880/1880/1880 1832/1832/1832
f 1845/1845/1845 1843/1843/1843 1880/1880/1880
f 1843/1843/1843 1845/1845/1845 1879/1879/1879
f 1879/1879/1879 1845/1845/1845 1842/1842/1842
f 1876/1876/1876 1842/1842/1842 1841/1841/1841
f 1839/1839/1839 1879/1879/1879 1842/1842/1842
f 1842/1842/1842 1878/1878/1878 1839/1839/1839
f 1842/1842/1842 1876/1876/1876 1877/1877/1877
f 1877/1877/1877 1878/1878/1878 1842/1842/1842
f 1834/1834/1834 1876/1876/1876 1841/1841/1841
f 1862/1862/1862 1841/1841/1841 1833/1833/1833
f 1866/1866/1866 1854/1854/1854 1855/1855/1855
f 1866/1866/1866 1855/1855/1855 1856/1856/1856
f 1856/1856/1856 1857/1857/1857 1866/1866/1866
f 1858/1858/1858 1866/1866/1866 1857/1857/1857
f 1854/1854/1854 1866/1866/1866 1862/1862/1862
f 1841/1841/1841 1862/1862/1862 1834/1834/1834
f 1867/1867/1867 1858/1858/1858 1859/1859/1859
f 1867/1867/1867 1859/1859/1859 1860/1860/1860
f 1867/1867/1867 1860/1860/1860 1863/1863/1863
f 1835/1835/1835 1863/1863/1863 1860/1860/1860
f 1866/1866/1866 1858/1858/1858 1867/1867/1867
f 1863/1863/1863 1865/1865/1865 1867/1867/1867
f 1834/1834/1834 1862/1862/1862 1875/1875/1875
f 1875/1875/1875 1862/1862/1862 1869/1869/1869
f 1874/1874/1874 1875/1875/1875 1869/1869/1869
f 1869/1869/1869 1873/1873/1873 1874/1874/1874
f 1869/1869/1869 1861/1861/1861 1873/1873/1873
f 1861/1861/1861 1869/1869/1869 1872/1872/1872
f 1870/1870/1870 1865/1865/1865 1864/1864/1864
f 1863/1863/1863 1864/1864/1864 1865/1865/1865
f 1871/1871/1871 1870/1870/1870 1864/1864/1864
f 1869/1869/1869 1870/1870/1870 1872/1872/1872
f 1870/1870/1870 1868/1868/1868 1872/1872/1872
f 1864/1864/1864 1836/1836/1836 1871/1871/1871
f 1871/1871/1871 1868/1868/1868 1870/1870/1870
f 1854/1854/1854 1862/1862/1862 1833/1833/1833
f 1888/1888/1888 1881/1881/1881 1883/1883/1883 1885/1885/1885
f 1882/1882/1882 1887/1887/1887 1886/1886/1886 1884/1884/1884
f 1887/1887/1887 1888/1888/1888 1885/1885/1885 1886/1886/1886
f 1889/1889/1889 1890/1890/1890 1922/1922/1922 1899/1899/1899
f 1900/1900/1900 1921/1921/1921 1920/1920/1920 1901/1901/1901
f 1899/1899/1899 1922/1922/1922 1921/1921/1921 1900/1900/1900
f 1902/1902/1902 1891/1891/1891 1892/1892/1892 1919/1919/1919
f 1903/1903/1903 1918/1918/1918 1917/1917/1917 1904/1904/1904
f 1902/1902/1902 1919/1919/1919 1918/1918/1918 1903/1903/1903
f 1901/1901/1901 1920/1920/1920 1892/1892/1892 1891/1891/1891
f 1893/1893/1893 1904/1904/1904 1917/1917/1917 1894/1894/1894
f 1906/1906/1906 1905/1905/1905 1916/1916/1916 1915/1915/1915
f 1895/1895/1895 1907/1907/1907 1914/1914/1914 1896/1896/1896
f 1907/1907/1907 1906/1906/1906 1915/1915/1915 1914/1914/1914
f 1909/1909/1909 1908/1908/1908 1913/1913/1913 1912/1912/1912
f 1897/1897/1897 1910/1910/1910 1911/1911/1911 1898/1898/1898
f 1910/1910/1910 1909/1909/1909 1912/1912/1912 1911/1911/1911
f 1908/1908/1908 1895/1895/1895 1896/1896/1896 1913/1913/1913
f 1905/1905/1905 1893/1893/1893 1894/1894/1894 1916/1916/1916
f 1923/1923/1923 1933/1933/1933 1956/1956/1956 1924/1924/1924
f 1934/1934/1934 1935/1935/1935 1954/1954/1954 1955/1955/1955
f 1933/1933/1933 1934/1934/1934 1955/1955/1955 1956/1956/1956
f 1936/1936/1936 1953/1953/1953 1926/1926/1926 1925/1925/1925
f 1937/1937/1937 1938/1938/1938 1951/1951/1951 1952/1952/1952
f 1936/1936/1936 1937/1937/1937 1952/1952/1952 1953/1953/1953
f 1935/1935/1935 1925/1925/1925 1926/1926/1926 1954/1954/1954
f 1927/1927/1927 1928/1928/1928 1951/1951/1951 1938/1938/1938
f 1940/1940/1940 1949/1949/1949 1950/1950/1950 1939/1939/1939
f 1929/1929/1929 1930/1930/1930 1948/1948/1948 1941/1941/1941
f 1941/1941/1941 1948/1948/1948 1949/1949/1949 1940/1940/1940
f 1943/1943/1943 1946/1946/1946 1947/1947/1947 1942/1942/1942
f 1931/1931/1931 1932/1932/1932 1945/1945/1945 1944/1944/1944
f 1944/1944/1944 1945/1945/1945 1946/1946/1946 1943/1943/1943
f 1942/1942/1942 1947/1947/1947 1930/1930/1930 1929/1929/1929
f 1939/1939/1939 1950/1950/1950 1928/1928/1928 1927/1927/1927
